time;TAmb;T1;T2
0;16.89;19.81;20.5
5;17.38;19.81;20.5
11;17.38;19.81;20.5
17;17.38;19.81;20.5
23;16.89;19.81;20.5
29;17.38;19.81;20.5
35;16.89;19.87;20.5
40;16.89;19.87;20.5
46;17.38;19.87;20.5
52;16.89;19.94;20.5
58;16.89;20;20.5
64;16.89;20;20.5
69;16.89;20.06;20.5
75;16.89;20.06;20.5
81;17.38;20.12;20.5
87;16.89;20.12;20.5
93;16.89;20.19;20.5
99;16.89;20.25;20.5
104;16.89;20.31;20.5
110;16.89;20.37;20.5
116;16.89;20.44;20.5
122;16.89;20.5;20.5
128;16.89;20.56;20.5
134;16.89;20.62;20.5
139;16.89;20.75;20.5
145;17.38;20.81;20.5
151;16.89;20.87;20.5
157;16.89;21;20.5
163;16.89;21.12;20.5
169;16.89;21.25;20.5
174;16.89;21.31;20.5
180;17.38;21.44;20.5
186;16.89;21.56;20.5
192;16.89;21.69;20.5
198;16.89;21.81;20.5
203;17.38;21.94;20.5
209;16.89;22.06;20.5
215;16.89;22.19;20.5
221;17.38;22.31;20.5
227;16.89;22.44;20.5
233;17.38;22.56;20.5
238;17.38;22.69;20.5
244;17.38;22.81;20.5
250;16.89;22.94;20.5
256;16.89;23.06;20.5
262;17.38;23.12;20.5
268;16.89;23.31;20.5
273;17.38;23.37;20.5
279;16.89;23.56;20.5
285;17.38;23.69;20.5
291;17.38;23.81;20.5
297;16.89;23.87;20.5
302;16.89;24;20.5
308;17.38;24.12;20.5
314;17.38;24.25;20.5
320;16.89;24.37;20.5
326;17.38;24.5;20.5
332;16.89;24.56;20.5
337;17.38;24.69;20.5
343;17.38;24.81;20.5
349;17.38;24.87;20.5
355;17.38;25;20.5
361;17.38;25.12;20.5
367;16.89;25.19;20.5
372;16.89;25.31;20.5
378;17.38;25.37;20.5
384;16.89;25.5;20.5
390;16.89;25.56;20.5
396;17.38;25.62;20.5
402;17.38;25.75;20.5
407;17.38;25.81;20.56
413;17.38;25.87;20.56
419;17.38;26;20.5
425;17.38;26.06;20.5
431;17.38;26.12;20.56
436;17.38;26.19;20.56
442;17.38;26.25;20.56
448;16.89;26.31;20.56
454;16.89;26.37;20.56
460;16.89;26.44;20.56
466;16.89;26.5;20.56
471;17.38;26.56;20.56
477;16.89;26.62;20.56
483;16.89;26.62;20.56
489;17.38;26.69;20.56
495;16.89;26.75;20.56
501;16.89;26.81;20.56
506;16.89;26.87;20.56
512;16.89;26.87;20.56
518;16.89;26.94;20.56
524;16.89;27;20.56
530;17.38;27.06;20.56
535;17.38;27.06;20.56
541;17.38;27.12;20.56
547;17.38;27.12;20.56
553;16.89;27.19;20.56
559;16.89;27.25;20.56
565;17.38;27.25;20.56
570;16.89;27.31;20.56
576;17.38;27.31;20.56
582;16.89;27.37;20.56
588;17.38;27.37;20.56
594;16.89;27.44;20.56
600;16.89;27.44;20.56
605;16.89;27.44;20.56
611;16.89;27.5;20.56
617;17.38;27.5;20.56
623;16.89;27.56;20.56
629;17.38;27.56;20.56
635;17.38;27.56;20.56
640;16.89;27.56;20.56
646;16.89;27.62;20.56
652;17.38;27.62;20.56
658;17.38;27.62;20.56
664;17.38;27.69;20.56
669;16.89;27.69;20.56
675;16.89;27.69;20.56
681;16.89;27.75;20.56
687;16.89;27.75;20.56
693;16.89;27.75;20.56
699;16.89;27.81;20.56
704;17.38;27.81;20.56
710;16.89;27.81;20.56
716;17.38;27.87;20.56
722;16.89;27.87;20.56
728;17.38;27.87;20.56
734;17.38;27.94;20.56
739;17.38;27.94;20.56
745;16.89;27.94;20.56
751;17.38;27.94;20.56
757;17.38;27.94;20.56
763;17.38;27.94;20.56
768;17.38;28;20.62
774;17.38;28;20.56
780;17.38;28;20.56
786;16.89;28;20.62
792;17.38;28;20.62
798;17.38;28;20.62
803;17.38;28;20.62
809;17.38;28.06;20.56
815;17.38;28.06;20.62
821;16.89;28.06;20.62
827;17.38;28.06;20.62
833;17.38;28.06;20.62
838;16.89;28.06;20.62
844;16.89;28.06;20.62
850;17.38;28.06;20.62
856;17.38;28.06;20.62
862;17.38;28.06;20.62
868;17.38;28.06;20.62
873;17.38;28.06;20.62
879;17.38;28.06;20.62
885;16.89;28.12;20.62
891;17.38;28.12;20.62
897;17.38;28.12;20.62
902;16.89;28.12;20.62
908;17.38;28.12;20.62
914;17.38;28.12;20.62
920;16.89;28.12;20.62
926;17.38;28.12;20.62
932;17.38;28.12;20.62
937;16.89;28.12;20.62
943;16.89;28.12;20.62
949;16.89;28.12;20.62
955;17.38;28.12;20.62
961;16.89;28.12;20.62
967;17.38;28.12;20.62
972;17.38;28.12;20.62
978;17.38;28.19;20.62
984;16.89;28.19;20.62
990;17.38;28.19;20.62
996;16.89;28.19;20.62
1001;16.89;28.19;20.62
1007;17.38;28.19;20.62
1013;17.38;28.19;20.62
1019;17.38;28.19;20.62
1025;17.38;28.19;20.62
1031;17.38;28.19;20.62
1036;16.89;28.19;20.69
1042;16.89;28.19;20.69
1048;16.89;28.19;20.69
1054;17.38;28.19;20.69
1060;17.38;28.19;20.69
1066;17.38;28.19;20.69
1071;17.38;28.19;20.69
1077;17.38;28.19;20.69
1083;17.87;28.19;20.69
1089;17.38;28.19;20.69
1095;17.38;28.19;20.69
1101;17.38;28.19;20.69
1106;17.38;28.19;20.69
1112;17.38;28.19;20.69
1118;17.38;28.19;20.69
1124;17.38;28.19;20.69
1130;17.38;28.19;20.69
1135;17.38;28.19;20.69
1141;17.38;28.19;20.69
1147;17.38;28.19;20.69
1153;17.38;28.19;20.69
1159;17.38;28.19;20.69
1165;16.89;28.19;20.69
1170;17.38;28.19;20.69
1176;17.38;28.19;20.69
1182;16.89;28.19;20.69
1188;17.38;28.19;20.69
1194;17.38;28.19;20.69
1200;17.38;28.19;20.69
1205;16.89;28.19;20.69
1211;16.89;28.19;20.69
1217;17.38;28.19;20.69
1223;17.38;28.19;20.69
1229;17.38;28.19;20.69
1234;17.38;28.19;20.75
1240;17.38;28.19;20.69
1246;16.89;28.19;20.75
1252;17.38;28.19;20.75
1258;16.89;28.19;20.75
1264;16.89;28.19;20.75
1269;17.38;28.19;20.75
1275;17.38;28.19;20.75
1281;17.38;28.19;20.75
1287;16.89;28.19;20.75
1293;17.38;28.19;20.75
1299;17.38;28.19;20.75
1304;16.89;28.19;20.75
1310;17.38;28.19;20.75
1316;17.38;28.19;20.75
1322;17.38;28.19;20.75
1328;17.38;28.19;20.75
1334;17.38;28.19;20.75
1339;17.38;28.19;20.75
1345;17.38;28.19;20.75
1351;17.38;28.19;20.75
1357;17.38;28.19;20.75
1363;17.38;28.25;20.75
1368;17.38;28.25;20.75
1374;17.38;28.19;20.75
1380;17.38;28.19;20.75
1386;17.38;28.19;20.75
1392;17.38;28.19;20.75
1398;16.89;28.19;20.75
1403;17.38;28.19;20.75
1409;17.38;28.19;20.75
1415;17.38;28.19;20.75
1421;17.38;28.25;20.75
1427;17.38;28.25;20.75
1433;17.38;28.25;20.75
1438;17.38;28.25;20.75
1444;17.38;28.25;20.75
1450;17.38;28.25;20.75
1456;17.38;28.25;20.75
1462;17.38;28.25;20.75
1467;17.38;28.31;20.75
1473;17.38;28.31;20.81
1479;17.38;28.31;20.81
1485;17.38;28.31;20.75
1491;17.38;28.31;20.75
1497;17.38;28.31;20.81
1502;16.89;28.31;20.81
1508;17.38;28.31;20.81
1514;17.38;28.37;20.81
1520;17.38;28.37;20.81
1526;17.38;28.37;20.75
1532;17.38;28.37;20.81
1537;17.38;28.37;20.81
1543;17.38;28.37;20.81
1549;17.38;28.44;20.81
1555;16.89;28.44;20.81
1561;16.89;28.44;20.81
1567;17.38;28.44;20.81
1572;17.38;28.44;20.81
1578;17.38;28.37;20.81
1584;16.89;28.37;20.81
1590;17.38;28.37;20.81
1596;17.38;28.37;20.81
1601;17.38;28.37;20.81
1607;17.38;28.37;20.81
1613;17.38;28.37;20.81
1619;17.38;28.44;20.81
1625;17.87;28.44;20.81
1631;18.36;28.44;20.81
1636;17.87;28.44;20.81
1642;17.87;28.44;20.81
1648;17.87;28.44;20.81
1654;17.87;28.44;20.81
1660;17.87;28.44;20.81
1666;17.87;28.5;20.81
1671;17.38;28.5;20.81
1677;17.87;28.5;20.81
1683;17.87;28.5;20.81
1689;18.36;28.5;20.81
1695;17.87;28.56;20.81
1700;17.87;28.56;20.81
1706;17.87;28.56;20.81
1712;17.87;28.56;20.81
1718;17.87;28.56;20.81
1724;17.87;28.56;20.81
1730;18.36;28.56;20.81
1735;17.87;28.56;20.81
1741;17.87;28.56;20.81
1747;17.87;28.56;20.81
1753;17.87;28.56;20.87
1759;17.87;28.56;20.81
1765;18.36;28.62;20.81
1770;17.87;28.62;20.81
1776;17.87;28.62;20.87
1782;17.87;28.62;20.87
1788;17.87;28.62;20.87
1794;17.87;28.62;20.81
1800;18.36;28.62;20.87
1805;18.36;28.62;20.87
1811;17.87;28.62;20.87
1817;17.87;28.62;20.87
1823;17.87;28.62;20.87
1829;17.87;28.62;20.87
1834;18.36;28.62;20.87
1840;18.36;28.62;20.87
1846;18.36;28.69;20.87
1852;17.38;28.69;20.87
1858;17.87;28.69;20.87
1864;17.87;28.69;20.87
1869;18.36;28.69;20.87
1875;17.87;28.69;20.87
1881;17.87;28.69;20.87
1887;17.87;28.69;20.87
1893;17.87;28.69;20.87
1899;17.87;28.75;20.87
1904;17.87;28.75;20.87
1910;17.87;28.75;20.87
1916;17.87;28.75;20.87
1922;17.87;28.75;20.87
1928;17.87;28.75;20.87
1933;17.87;28.75;20.87
1939;17.87;28.75;20.87
1945;18.36;28.75;20.87
1951;17.87;28.75;20.87
1957;18.36;28.75;20.87
1963;17.87;28.75;20.87
1968;18.36;28.75;20.87
1974;18.36;28.75;20.87
1980;18.36;28.81;20.87
1986;18.36;28.81;20.87
1992;17.87;28.81;20.94
1998;18.36;28.81;20.87
2003;17.87;28.81;20.87
2009;17.87;28.81;20.94
2015;18.36;28.81;20.87
2021;17.87;28.81;20.94
2027;17.87;28.81;20.94
2033;17.87;28.81;20.87
2038;17.87;28.81;20.94
2044;17.87;28.81;20.87
2050;18.36;28.81;20.94
2056;17.87;28.81;20.94
2062;17.87;28.81;20.94
2067;17.87;28.81;20.94
2073;17.87;28.81;20.94
2079;18.36;28.81;20.94
2085;17.87;28.81;20.94
2091;17.87;28.81;20.94
2097;17.87;28.81;20.94
2102;18.36;28.81;20.94
2108;17.87;28.81;20.94
2114;17.87;28.81;20.94
2120;17.87;28.81;20.94
2126;18.36;28.81;20.94
2132;18.36;28.81;20.94
2137;17.87;28.81;20.94
2143;17.87;28.87;20.94
2149;17.87;28.87;20.94
2155;18.36;28.87;20.94
2161;17.87;28.87;20.94
2166;17.87;28.87;20.94
2172;18.36;28.87;20.94
2178;17.87;28.87;20.94
2184;17.87;28.87;20.94
2190;17.87;28.87;20.94
2196;17.87;28.87;20.94
2201;17.87;28.87;20.94
2207;17.87;28.87;20.94
2213;17.87;28.87;20.94
2219;18.36;28.87;20.94
2225;18.36;28.87;20.94
2231;17.87;28.87;20.94
2236;17.87;28.87;20.94
2242;17.87;28.87;21
2248;18.36;28.87;20.94
2254;18.36;28.87;21
2260;17.87;28.87;21
2266;18.36;28.87;21
2271;18.36;28.87;21
2277;17.87;28.87;21
2283;18.36;28.87;21
2289;17.87;28.81;21
2295;17.87;28.87;21
2300;18.36;28.81;21
2306;18.36;28.81;21
2312;18.36;28.81;21
2318;18.36;28.81;21
2324;18.36;28.81;21
2330;18.36;28.81;21
2335;18.36;28.81;21
2341;18.36;28.81;21
2347;18.36;28.81;21
2353;18.36;28.81;21
2359;18.36;28.81;21
2365;18.36;28.81;21
2370;17.87;28.87;21
2376;18.36;28.81;21
2382;18.36;28.87;21
2388;18.36;28.87;21
2394;17.87;28.87;21
2399;17.87;28.87;21
2405;17.87;28.87;21
2411;17.87;28.87;21
2417;17.87;28.87;21
2423;18.36;28.87;21
2429;18.36;28.87;21
2434;18.36;28.87;21
2440;18.36;28.87;21
2446;18.36;28.94;21
2452;17.87;28.94;21
2458;18.36;28.94;21
2464;18.36;28.87;21
2469;18.36;28.94;21
2475;17.87;28.94;21
2481;18.36;28.94;21
2487;18.36;28.94;21.06
2493;18.36;28.94;21.06
2499;18.36;28.94;21
2504;18.36;28.94;21.06
2510;17.87;28.94;21.06
2516;17.87;28.94;21.06
2522;18.36;28.94;21.06
2528;18.36;28.94;21.06
2533;18.36;28.94;21.06
2539;18.36;28.94;21.06
2545;18.36;28.94;21.06
2551;18.36;28.94;21.06
2557;18.36;28.94;21.06
2563;18.36;28.94;21.06
2568;18.36;29;21.06
2574;18.36;29;21.06
2580;17.87;29;21.06
2586;18.36;29;21.06
2592;17.87;29;21.06
2598;18.36;29;21.06
2603;18.36;29;21.06
2609;18.36;29;21.06
2615;18.36;29.06;21.06
2621;17.87;29.06;21.06
2627;17.87;29.06;21.06
2632;18.36;29.06;21.06
2638;17.87;29.06;21.06
2644;18.36;29.06;21.06
2650;18.36;29.06;21.06
2656;18.36;29;21.06
2662;18.36;29.06;21.06
2667;18.36;29.06;21.06
2673;18.36;29.06;21.06
2679;17.87;29.06;21.06
2685;18.36;29.06;21.06
2691;18.36;29.06;21.06
2697;18.36;29.06;21.06
2702;18.36;29.06;21.06
2708;18.36;29;21.06
2714;17.87;29;21.06
2720;18.36;29;21.06
2726;18.36;29;21.06
2732;18.36;29;21.06
2737;18.36;29;21.06
2743;18.36;29;21.06
2749;18.36;29;21.06
2755;18.36;29.06;21.12
2761;18.36;29;21.06
2766;18.36;29;21.12
2772;18.36;29;21.12
2778;18.36;29;21.12
2784;18.36;29;21.12
2790;18.36;29;21.12
2796;18.36;29;21.12
2801;18.85;29;21.12
2807;18.36;29;21.12
2813;18.36;29;21.12
2819;18.36;29;21.12
2825;18.36;29;21.12
2831;17.87;29;21.12
2836;18.36;29;21.12
2842;18.36;29;21.12
2848;18.36;29;21.12
2854;18.36;29;21.12
2860;18.36;29;21.12
2865;18.36;29;21.12
2871;18.36;29;21.12
2877;18.36;29;21.12
2883;18.36;29;21.12
2889;18.36;29;21.12
2895;18.36;29;21.12
2900;18.36;29;21.12
2906;18.36;29;21.12
2912;18.36;29;21.12
2918;18.36;29;21.12
2924;18.36;29;21.12
2930;18.36;29;21.12
2935;18.36;29;21.12
2941;18.36;29;21.12
2947;18.36;29;21.12
2953;18.36;29;21.12
2959;18.36;29;21.12
2965;18.36;29;21.12
2970;18.36;29;21.12
2976;18.36;29;21.12
2982;18.36;29;21.12
2988;18.36;29;21.12
2994;18.36;29;21.12
2999;18.36;29;21.12
3005;18.36;29;21.12
3011;18.36;29;21.12
3017;18.36;29.06;21.12
3023;18.85;29.06;21.12
3029;18.36;29;21.19
3034;18.36;29;21.19
3040;18.36;29;21.19
3046;18.36;29;21.19
3052;18.36;29;21.19
3058;18.36;29;21.19
3064;18.36;29;21.19
3069;17.87;29;21.19
3075;18.36;29;21.19
3081;18.36;29.06;21.19
3087;18.36;29.06;21.19
3093;18.36;29;21.19
3098;18.36;29;21.19
3104;18.36;29;21.19
3110;18.36;29;21.19
3116;18.36;29;21.19
3122;18.36;29;21.19
3128;18.36;29;21.19
3133;18.36;29;21.19
3139;18.36;29;21.19
3145;18.36;29;21.19
3151;18.36;29;21.19
3157;18.36;29;21.19
3163;17.87;29;21.19
3168;18.36;28.94;21.19
3174;18.36;29;21.19
3180;17.87;29;21.19
3186;18.36;29;21.19
3192;18.36;29;21.19
3198;18.85;29;21.19
3203;18.36;28.94;21.19
3209;18.36;29;21.19
3215;18.36;29;21.19
3221;18.36;29;21.19
3227;18.36;29;21.19
3232;18.36;28.94;21.19
3238;18.36;28.94;21.25
3244;18.36;29;21.25
3250;18.36;28.94;21.19
3256;18.36;28.94;21.25
3262;18.36;28.94;21.19
3267;18.36;28.94;21.19
3273;18.36;29;21.25
3279;17.87;28.94;21.25
3285;18.36;28.94;21.19
3291;18.36;29;21.25
3297;18.36;29;21.25
3302;18.36;29;21.25
3308;18.36;28.94;21.25
3314;18.36;28.94;21.25
3320;18.36;28.94;21.25
3326;18.36;28.94;21.25
3331;17.87;28.94;21.25
3337;17.87;28.94;21.25
3343;17.87;28.94;21.25
3349;18.36;28.94;21.25
3355;18.36;28.94;21.25
3361;18.36;28.94;21.25
3366;18.36;28.94;21.25
3372;18.36;28.94;21.25
3378;18.36;28.94;21.25
3384;18.36;28.94;21.25
3390;18.36;28.94;21.25
3396;18.36;28.94;21.25
3401;18.36;28.94;21.25
3407;18.36;28.94;21.25
3413;18.85;28.94;21.25
3419;18.36;29;21.25
3425;18.36;29;21.25
3431;17.87;29;21.25
3436;18.36;29;21.25
3442;18.36;29;21.25
3448;18.36;29;21.25
3454;18.36;29;21.25
3460;17.87;29;21.25
3465;18.36;29;21.25
3471;18.36;29;21.25
3477;18.36;29;21.25
3483;18.36;29.06;21.25
3489;18.36;29.06;21.25
3495;18.36;29.06;21.31
3500;18.36;29.06;21.25
3506;18.36;29.06;21.25
3512;18.36;29.06;21.25
3518;18.36;29.06;21.25
3524;18.36;29.06;21.31
3530;18.36;29.06;21.25
3535;18.36;29.12;21.31
3541;18.36;29.06;21.25
3547;18.36;29.06;21.31
3553;18.36;29.06;21.31
3559;18.36;29.12;21.31
3564;18.36;29.12;21.31
3570;18.36;29.12;21.31
3576;18.36;29.12;21.31
3582;17.87;29.12;21.31
3588;18.36;29.12;21.31
3594;18.36;29.12;21.31
3599;18.85;29.12;21.31
3605;18.36;29.12;21.31
3611;18.36;29.12;21.31
3617;18.36;29.12;21.31
3623;18.36;29.19;21.31
3629;18.36;29.12;21.31
3634;18.36;29.12;21.31
3640;18.36;29.12;21.31
3646;18.36;29.19;21.31
3652;18.36;29.19;21.31
3658;18.36;29.19;21.31
3664;18.36;29.19;21.31
3669;18.36;29.19;21.31
3675;18.36;29.19;21.31
3681;18.36;29.19;21.31
3687;18.85;29.19;21.31
3693;18.85;29.19;21.31
3698;18.36;29.19;21.31
3704;18.36;29.19;21.31
3710;17.87;29.19;21.31
3716;17.87;29.19;21.31
3722;18.36;29.19;21.31
3728;18.36;29.19;21.31
3733;18.36;29.19;21.31
3739;18.36;29.19;21.31
3745;18.36;29.19;21.31
3751;18.36;29.19;21.31
3757;18.36;29.19;21.31
3763;18.36;29.19;21.31
3768;18.85;29.25;21.31
3774;18.36;29.25;21.31
3780;18.36;29.25;21.31
3786;18.36;29.25;21.37
3792;18.36;29.25;21.31
3797;18.36;29.25;21.31
3803;18.36;29.19;21.37
3809;18.36;29.25;21.31
3815;18.36;29.25;21.37
3821;18.36;29.25;21.37
3827;18.36;29.25;21.37
3832;18.85;29.25;21.37
3838;18.36;29.25;21.31
3844;18.36;29.25;21.37
3850;18.85;29.25;21.37
3856;18.85;29.25;21.37
3862;18.36;29.25;21.37
3867;18.36;29.25;21.37
3873;18.36;29.25;21.37
3879;18.36;29.25;21.37
3885;18.36;29.25;21.37
3891;18.85;29.25;21.37
3897;18.36;29.25;21.37
3902;18.36;29.25;21.37
3908;18.36;29.25;21.37
3914;18.36;29.25;21.37
3920;18.36;29.25;21.37
3926;18.36;29.25;21.37
3931;18.36;29.25;21.37
3937;18.36;29.25;21.37
3943;18.36;29.25;21.37
3949;18.36;29.25;21.37
3955;18.36;29.31;21.37
3961;18.36;29.25;21.37
3966;18.85;29.31;21.37
3972;18.36;29.31;21.37
3978;18.36;29.31;21.37
3984;18.85;29.31;21.37
3990;18.36;29.31;21.37
3996;18.36;29.31;21.37
4001;18.36;29.31;21.37
4007;18.36;29.31;21.37
4013;18.36;29.25;21.37
4019;18.36;29.25;21.37
4025;18.36;29.31;21.37
4030;18.36;29.31;21.37
4036;18.36;29.31;21.37
4042;18.36;29.31;21.44
4048;18.36;29.31;21.37
4054;18.85;29.31;21.37
4060;18.36;29.31;21.37
4065;18.85;29.31;21.37
4071;18.36;29.31;21.44
4077;18.36;29.31;21.44
4083;18.36;29.31;21.37
4089;18.85;29.31;21.44
4095;18.36;29.31;21.44
4100;18.85;29.31;21.37
4106;18.85;29.31;21.44
4112;18.36;29.31;21.44
4118;18.36;29.31;21.44
4124;18.36;29.31;21.44
4130;18.36;29.31;21.44
4135;18.36;29.31;21.44
4141;18.85;29.31;21.44
4147;18.36;29.31;21.44
4153;18.36;29.31;21.44
4159;18.36;29.31;21.44
4164;18.85;29.31;21.44
4170;18.36;29.31;21.44
4176;18.85;29.31;21.44
4182;18.36;29.31;21.44
4188;18.36;29.31;21.44
4194;18.36;29.31;21.44
4199;18.85;29.31;21.44
4205;18.36;29.31;21.44
4211;18.85;29.31;21.44
4217;18.36;29.31;21.44
4223;18.85;29.31;21.44
4229;18.36;29.31;21.44
4234;18.36;29.31;21.44
4240;18.36;29.31;21.44
4246;18.36;29.31;21.44
4252;18.36;29.31;21.44
4258;18.85;29.31;21.44
4263;18.85;29.31;21.44
4269;18.36;29.31;21.44
4275;18.36;29.31;21.44
4281;18.36;29.31;21.44
4287;18.36;29.31;21.44
4293;18.85;29.31;21.44
4298;18.85;29.31;21.5
4304;18.36;29.31;21.44
4310;18.85;29.31;21.44
4316;18.36;29.31;21.5
4322;18.85;29.31;21.44
4328;18.36;29.37;21.44
4333;18.36;29.31;21.44
4339;18.85;29.31;21.5
4345;18.36;29.31;21.5
4351;18.36;29.31;21.5
4357;18.36;29.31;21.5
4363;18.85;29.31;21.5
4368;18.85;29.31;21.5
4374;18.85;29.31;21.5
4380;18.36;29.31;21.5
4386;18.36;29.31;21.5
4392;18.85;29.31;21.5
4397;18.36;29.31;21.5
4403;18.36;29.31;21.5
4409;18.85;29.31;21.5
4415;18.85;29.37;21.5
4421;18.85;29.37;21.5
4427;18.36;29.37;21.5
4432;18.36;29.31;21.5
4438;18.85;29.37;21.5
4444;18.36;29.37;21.5
4450;18.36;29.31;21.5
4456;18.36;29.31;21.5
4462;18.85;29.37;21.5
4467;18.85;29.37;21.5
4473;18.36;29.37;21.5
4479;18.85;29.37;21.5
4485;18.36;29.37;21.5
4491;18.36;29.37;21.5
4496;18.36;29.37;21.5
4502;18.85;29.31;21.5
4508;18.85;29.37;21.5
4514;18.36;29.31;21.5
4520;18.36;29.31;21.5
4526;18.85;29.31;21.5
4531;18.36;29.31;21.5
4537;18.36;29.31;21.5
4543;18.85;29.31;21.5
4549;18.85;29.31;21.5
4555;18.85;29.31;21.5
4561;18.85;29.25;21.5
4566;18.36;29.25;21.5
4572;18.36;29.19;21.56
4578;18.85;29.19;21.5
4584;18.36;29.19;21.5
4590;18.85;29.19;21.5
4596;18.36;29.12;21.56
4601;18.85;29.19;21.56
4607;18.36;29.19;21.5
4613;18.36;29.19;21.56
4619;18.36;29.12;21.56
4625;18.85;29.12;21.56
4630;18.85;29.12;21.56
4636;18.36;29.12;21.5
4642;18.36;29.12;21.56
4648;18.85;29.12;21.56
4654;18.85;29.19;21.56
4660;18.36;29.19;21.56
4665;18.36;29.12;21.56
4671;18.85;29.19;21.56
4677;18.85;29.19;21.56
4683;18.36;29.19;21.56
4689;18.36;29.19;21.56
4695;18.85;29.19;21.56
4700;18.36;29.19;21.56
4706;18.85;29.19;21.56
4712;18.36;29.19;21.56
4718;18.85;29.19;21.56
4724;18.36;29.19;21.56
4729;18.85;29.19;21.56
4735;18.36;29.19;21.56
4741;18.36;29.19;21.56
4747;18.85;29.19;21.56
4753;18.36;29.19;21.56
4759;18.85;29.19;21.56
4764;18.85;29.19;21.56
4770;18.36;29.19;21.56
4776;18.36;29.12;21.56
4782;18.85;29.12;21.56
4788;18.36;29.12;21.56
4794;18.85;29.12;21.56
4799;18.85;29.12;21.56
4805;18.85;29.12;21.56
4811;18.36;29.12;21.56
4817;18.36;29.12;21.56
4823;18.85;29.12;21.56
4829;18.36;29.12;21.56
4834;18.85;29.12;21.56
4840;18.85;29.19;21.56
4846;18.85;29.19;21.56
4852;18.85;29.19;21.56
4858;18.85;29.19;21.56
4863;18.85;29.25;21.56
4869;18.85;29.25;21.56
4875;18.85;29.25;21.62
4881;18.36;29.25;21.56
4887;18.36;29.25;21.56
4893;18.85;29.25;21.62
4898;18.85;29.25;21.62
4904;18.85;29.25;21.62
4910;18.85;29.25;21.62
4916;18.36;29.19;21.62
4922;18.85;29.19;21.62
4928;18.36;29.19;21.62
4933;18.36;29.19;21.62
4939;18.85;29.19;21.62
4945;18.36;29.19;21.62
4951;18.36;29.25;21.62
4957;18.85;29.25;21.62
4962;18.85;29.25;21.62
4968;18.85;29.25;21.62
4974;18.85;29.25;21.62
4980;18.85;29.25;21.62
4986;18.36;29.19;21.62
4992;18.36;29.19;21.62
4997;18.36;29.19;21.62
5003;18.36;29.19;21.62
5009;18.85;29.19;21.62
5015;18.36;29.19;21.62
5021;18.36;29.19;21.62
5027;18.36;29.19;21.62
5032;18.85;29.19;21.62
5038;18.85;29.25;21.62
5044;18.85;29.25;21.62
5050;18.85;29.19;21.62
5056;18.85;29.25;21.62
5062;18.85;29.25;21.62
5067;18.85;29.19;21.62
5073;18.85;29.19;21.62
5079;18.85;29.19;21.62
5085;18.85;29.19;21.62
5091;18.36;29.19;21.62
5096;18.36;29.19;21.62
5102;18.85;29.25;21.62
5108;18.36;29.19;21.62
5114;18.36;29.19;21.62
5120;18.36;29.19;21.62
5126;18.85;29.19;21.62
5131;18.85;29.19;21.62
5137;18.36;29.19;21.62
5143;18.85;29.19;21.62
5149;18.85;29.19;21.69
5155;18.85;29.19;21.62
5161;18.36;29.25;21.69
5166;18.36;29.25;21.69
5172;18.85;29.25;21.62
5178;18.36;29.25;21.69
5184;18.85;29.25;21.69
5190;18.36;29.25;21.62
5195;18.36;29.25;21.69
5201;18.85;29.25;21.69
5207;18.85;29.25;21.62
5213;18.36;29.25;21.69
5219;18.85;29.31;21.69
5225;18.36;29.31;21.69
5230;18.85;29.31;21.69
5236;18.85;29.31;21.69
5242;18.36;29.25;21.69
5248;18.85;29.25;21.69
5254;18.85;29.25;21.69
5260;18.36;29.25;21.69
5265;18.36;29.31;21.69
5271;18.85;29.31;21.69
5277;18.85;29.31;21.69
5283;18.85;29.31;21.69
5289;18.85;29.31;21.69
5295;18.85;29.31;21.69
5300;18.85;29.31;21.69
5306;18.85;29.25;21.69
5312;18.85;29.25;21.69
5318;18.36;29.25;21.69
5324;18.85;29.25;21.69
5329;18.85;29.25;21.69
5335;18.85;29.25;21.69
5341;18.36;29.25;21.69
5347;18.85;29.25;21.69
5353;18.36;29.25;21.69
5359;18.85;29.25;21.69
5364;18.36;29.25;21.69
5370;18.36;29.25;21.69
5376;18.36;29.25;21.69
5382;18.36;29.19;21.69
5388;18.36;29.19;21.69
5394;18.36;29.19;21.69
5399;18.36;29.19;21.69
5405;18.85;29.19;21.69
5411;18.36;29.25;21.69
5417;18.36;29.25;21.69
5423;18.36;29.25;21.69
5428;18.85;29.25;21.69
5434;19.34;29.25;21.75
5440;18.85;29.25;21.69
5446;18.85;29.25;21.75
5452;18.85;29.25;21.75
5458;18.85;29.25;21.75
5463;18.85;29.25;21.75
5469;18.85;29.25;21.75
5475;18.36;29.25;21.75
5481;18.85;29.31;21.75
5487;18.85;29.31;21.75
5493;18.36;29.31;21.75
5498;18.85;29.31;21.75
5504;18.36;29.31;21.75
5510;18.85;29.31;21.75
5516;18.85;29.31;21.75
5522;18.85;29.31;21.75
5528;18.85;29.25;21.75
5533;18.36;29.31;21.75
5539;18.85;29.31;21.75
5545;18.85;29.25;21.75
5551;18.85;29.25;21.75
5557;18.36;29.25;21.75
5562;18.85;29.25;21.75
5568;18.85;29.25;21.75
5574;18.85;29.25;21.75
5580;18.36;29.25;21.75
5586;18.85;29.25;21.75
5592;18.85;29.19;21.75
5597;18.85;29.12;21.75
5603;18.85;29.19;21.75
5609;18.85;29.19;21.75
5615;18.85;29.19;21.75
5621;18.85;29.19;21.75
5627;18.85;29.19;21.75
5632;18.85;29.19;21.75
5638;18.85;29.19;21.75
5644;18.36;29.19;21.75
5650;18.85;29.19;21.75
5656;18.36;29.25;21.75
5661;18.36;29.25;21.75
5667;18.85;29.25;21.75
5673;18.85;29.25;21.75
5679;18.36;29.31;21.75
5685;18.85;29.31;21.75
5691;18.36;29.31;21.75
5696;18.85;29.31;21.75
5702;18.36;29.31;21.75
5708;18.36;29.31;21.75
5714;18.85;29.31;21.81
5720;18.85;29.31;21.81
5726;18.85;29.31;21.75
5731;18.85;29.31;21.81
5737;18.85;29.31;21.75
5743;18.85;29.31;21.81
5749;18.36;29.31;21.81
5755;18.85;29.31;21.81
5761;18.85;29.31;21.75
5766;18.36;29.25;21.81
5772;18.85;29.31;21.81
5778;18.85;29.31;21.81
5784;18.85;29.31;21.81
5790;18.85;29.31;21.81
5795;18.85;29.31;21.81
5801;18.85;29.31;21.81
5807;18.85;29.25;21.81
5813;18.85;29.25;21.81
5819;18.85;29.25;21.81
5825;18.85;29.25;21.81
5830;18.85;29.25;21.81
5836;18.85;29.25;21.81
5842;18.85;29.25;21.81
5848;18.85;29.25;21.81
5854;18.85;29.31;21.81
5860;18.36;29.31;21.81
5865;18.85;29.31;21.81
5871;18.36;29.31;21.81
5877;18.85;29.31;21.81
5883;18.85;29.31;21.81
5889;18.85;29.31;21.81
5894;18.85;29.31;21.81
5900;18.85;29.31;21.81
5906;18.85;29.37;21.81
5912;18.85;29.37;21.81
5918;18.85;29.31;21.81
5924;18.85;29.31;21.81
5929;18.85;29.31;21.81
5935;18.85;29.31;21.81
5941;18.85;29.31;21.81
5947;18.85;29.31;21.81
5953;18.85;29.31;21.81
5959;18.85;29.31;21.81
5964;18.85;29.31;21.81
5970;18.85;29.37;21.81
5976;18.85;29.37;21.81
5982;18.85;29.37;21.81
5988;18.85;29.37;21.81
5994;18.36;29.37;21.87
5999;18.85;29.37;21.81
6005;18.36;29.37;21.87
6011;18.85;29.37;21.87
6017;18.85;29.37;21.87
6023;18.85;29.37;21.81
6028;18.85;29.37;21.87
6034;18.85;29.37;21.87
6040;18.85;29.37;21.87
6046;18.85;29.37;21.87
6052;18.85;29.37;21.87
6058;18.85;29.37;21.87
6063;18.85;29.37;21.87
6069;18.85;29.44;21.87
6075;18.85;29.37;21.87
6081;18.85;29.37;21.87
6087;18.85;29.37;21.87
6093;18.85;29.37;21.87
6098;18.85;29.37;21.87
6104;18.85;29.37;21.87
6110;18.36;29.44;21.87
6116;18.85;29.44;21.87
6122;18.36;29.44;21.87
6127;18.85;29.44;21.87
6133;18.85;29.44;21.87
6139;18.36;29.44;21.87
6145;18.85;29.44;21.87
6151;18.85;29.44;21.87
6157;18.85;29.44;21.87
6162;18.36;29.44;21.87
6168;18.85;29.44;21.87
6174;18.85;29.37;21.87
6180;18.85;29.37;21.87
6186;18.85;29.37;21.87
6192;18.85;29.37;21.87
6197;18.36;29.37;21.87
6203;18.36;29.37;21.87
6209;18.85;29.37;21.87
6215;18.85;29.37;21.87
6221;18.85;29.37;21.87
6227;18.36;29.31;21.87
6232;18.85;29.37;21.87
6238;18.36;29.37;21.87
6244;18.85;29.37;21.87
6250;18.85;29.37;21.87
6256;18.85;29.37;21.87
6261;18.85;29.37;21.87
6267;18.36;29.44;21.87
6273;18.85;29.44;21.87
6279;18.85;29.37;21.87
6285;18.85;29.44;21.87
6291;18.36;29.44;21.87
6296;18.85;29.44;21.94
6302;18.85;29.44;21.94
6308;18.85;29.44;21.87
6314;18.36;29.44;21.94
6320;18.85;29.44;21.87
6326;18.85;29.44;21.94
6331;18.85;29.44;21.94
6337;18.85;29.44;21.94
6343;18.85;29.44;21.94
6349;18.36;29.5;21.94
6355;18.85;29.5;21.94
6360;18.36;29.5;21.94
6366;18.85;29.5;21.94
6372;18.85;29.5;21.94
6378;18.85;29.5;21.94
6384;18.85;29.5;21.94
6390;18.85;29.5;21.94
6395;18.85;29.5;21.94
6401;19.34;29.5;21.94
6407;18.85;29.56;21.94
6413;18.85;29.56;21.94
6419;18.85;29.56;21.94
6425;18.85;29.56;21.94
6430;18.85;29.56;21.94
6436;18.85;29.56;21.94
6442;18.85;29.56;21.94
6448;18.85;29.56;21.94
6454;18.85;29.56;21.94
6460;18.85;29.56;21.94
6465;18.85;29.56;21.94
6471;18.85;29.56;21.94
6477;18.36;29.56;21.94
6483;18.36;29.56;21.94
6489;18.85;29.56;21.94
6494;18.85;29.56;21.94
6500;18.85;29.56;21.94
6506;18.85;29.56;21.94
6512;18.85;29.56;21.94
6518;18.36;29.56;21.94
6524;18.36;29.56;21.94
6529;18.85;29.56;21.94
6535;18.85;29.56;22
6541;18.36;29.56;21.94
6547;18.85;29.56;21.94
6553;18.85;29.56;22
6559;18.85;29.56;22
6564;18.85;29.56;22
6570;18.36;29.56;22
6576;18.85;29.56;21.94
6582;18.85;29.56;22
6588;18.36;29.56;22
6593;18.85;29.56;22
6599;18.36;29.56;22
6605;18.85;29.56;22
6611;18.36;29.56;22
6617;18.36;29.56;22
6623;18.36;29.56;22
6628;18.85;29.56;22
6634;18.85;29.56;22
6640;18.36;29.56;22
6646;18.85;29.56;22
6652;18.85;29.5;22
6658;18.85;29.5;22
6663;18.85;29.5;22
6669;18.85;29.5;22
6675;18.85;29.5;22
6681;18.85;29.5;22
6687;18.85;29.44;22
6693;18.85;29.44;22
6698;18.36;29.44;22
6704;18.85;29.44;22
6710;18.85;29.37;22
6716;18.85;29.37;22
6722;18.85;29.37;22
6727;18.85;29.44;22
6733;18.85;29.37;22
6739;18.85;29.37;22
6745;18.85;29.37;22
6751;18.85;29.37;22
6757;18.85;29.37;22
6762;18.36;29.37;22
6768;18.85;29.37;22
6774;18.85;29.37;22
6780;18.85;29.37;22
6786;18.85;29.37;22
6792;18.85;29.37;22
6797;18.85;29.37;22
6803;18.85;29.37;22
6809;18.85;29.37;22
6815;18.85;29.37;22
6821;18.36;29.37;22
6826;18.85;29.37;22
6832;18.85;29.37;22
6838;18.85;29.37;22.06
6844;18.85;29.37;22.06
6850;18.85;29.37;22
6856;18.85;29.37;22
6861;18.85;29.37;22
6867;18.85;29.31;22.06
6873;18.85;29.31;22.06
6879;18.85;29.31;22.06
6885;18.85;29.31;22.06
6891;18.85;29.37;22.06
6896;18.85;29.37;22.06
6902;18.85;29.37;22.06
6908;18.85;29.37;22.06
6914;18.85;29.37;22.06
6920;18.85;29.37;22.06
6926;18.85;29.37;22.06
6931;18.85;29.37;22.06
6937;18.85;29.37;22.06
6943;18.85;29.37;22.06
6949;18.85;29.37;22.06
6955;18.36;29.37;22.06
6960;18.85;29.44;22.06
6966;18.85;29.44;22.06
6972;18.85;29.37;22.06
6978;18.85;29.44;22.06
6984;18.85;29.37;22.06
6990;19.34;29.37;22.06
6995;18.85;29.37;22.06
7001;18.85;29.44;22.06
7007;18.36;29.44;22.06
7013;18.85;29.37;22.06
7019;18.36;29.37;22.06
7025;18.85;29.37;22.06
7030;18.85;29.37;22.06
7036;18.85;29.37;22.06
7042;18.85;29.37;22.06
7048;18.85;29.44;22.06
7054;18.36;29.44;22.06
7059;18.85;29.44;22.06
7065;18.85;29.44;22.06
7071;18.85;29.44;22.06
7077;18.85;29.44;22.06
7083;18.85;29.44;22.06
7089;18.85;29.44;22.06
7094;18.85;29.44;22.06
7100;18.85;29.44;22.06
7106;18.85;29.44;22.06
7112;18.85;29.44;22.06
7118;18.85;29.44;22.06
7124;18.36;29.44;22.06
7129;18.85;29.44;22.06
7135;18.85;29.44;22.12
7141;18.85;29.44;22.12
7147;18.85;29.44;22.12
7153;18.85;29.44;22.12
7159;18.85;29.44;22.12
7164;18.85;29.44;22.12
7170;18.85;29.44;22.12
7176;19.34;29.44;22.12
7182;18.85;29.44;22.12
7253;18.85;29.44;22.12
7258;18.85;29.44;22.12
7263;18.85;29.44;22.12
7269;18.85;29.44;22.12
7275;18.85;29.44;22.12
7281;18.85;29.44;22.12
7287;18.85;29.37;22.12
7292;18.85;29.37;22.12
7298;18.85;29.37;22.12
7304;18.85;29.37;22.12
7310;18.85;29.37;22.12
7316;18.85;29.37;22.12
7322;18.85;29.37;22.12
7327;18.85;29.37;22.12
7333;18.85;29.37;22.12
7339;18.85;29.37;22.12
7345;18.85;29.37;22.12
7351;18.85;29.37;22.12
7357;18.85;29.37;22.12
7362;18.85;29.44;22.12
7368;18.85;29.44;22.12
7374;18.85;29.44;22.12
7380;18.85;29.44;22.12
7386;18.85;29.37;22.12
7392;18.85;29.37;22.12
7397;18.85;29.44;22.12
7403;18.85;29.44;22.12
7409;18.85;29.44;22.12
7415;18.85;29.44;22.12
7421;18.85;29.44;22.12
7426;18.85;29.44;22.19
7432;18.85;29.44;22.12
7438;18.85;29.44;22.19
7444;18.85;29.44;22.19
7450;18.85;29.44;22.12
7456;18.85;29.44;22.12
7461;18.85;29.5;22.19
7467;18.85;29.44;22.12
7473;18.85;29.44;22.12
7479;18.85;29.44;22.19
7485;18.85;29.44;22.19
7491;18.85;29.44;22.19
7496;18.85;29.5;22.19
7502;18.36;29.5;22.19
7508;18.85;29.5;22.19
7514;18.36;29.56;22.19
7520;18.85;29.56;22.19
7525;18.85;29.56;22.19
7531;18.85;29.56;22.19
7537;18.85;29.56;22.19
7543;18.85;29.56;22.19
7549;18.85;29.56;22.19
7555;18.85;29.62;22.19
7560;18.85;29.62;22.19
7566;18.85;29.62;22.19
7572;18.85;29.62;22.19
7578;18.85;29.62;22.19
7584;18.85;29.62;22.19
7590;18.85;29.62;22.19
7595;18.85;29.69;22.19
7601;18.85;29.69;22.19
7607;18.85;29.69;22.19
7613;18.85;29.69;22.19
7619;19.34;29.69;22.19
7625;18.85;29.69;22.19
7630;18.85;29.69;22.19
7636;19.34;29.69;22.19
7642;19.34;29.69;22.19
7648;18.85;29.69;22.19
7654;18.85;29.75;22.19
7659;18.85;29.75;22.19
7665;18.85;29.75;22.19
7671;18.85;29.75;22.19
7677;18.85;29.75;22.19
7683;18.85;29.75;22.19
7689;18.85;29.75;22.19
7694;18.85;29.75;22.19
7700;19.34;29.75;22.19
7706;18.85;29.75;22.19
7712;18.85;29.81;22.19
7718;18.36;29.81;22.25
7724;18.85;29.81;22.19
7729;18.85;29.75;22.19
7735;18.85;29.75;22.19
7741;18.85;29.75;22.19
7747;18.85;29.75;22.25
7753;18.85;29.75;22.19
7758;18.85;29.75;22.25
7764;18.85;29.75;22.25
7770;18.85;29.75;22.25
7776;19.34;29.69;22.25
7782;18.85;29.69;22.25
7788;18.85;29.75;22.25
7793;18.85;29.75;22.25
7799;18.85;29.75;22.25
7805;18.85;29.69;22.25
7811;19.34;29.75;22.25
7817;19.34;29.75;22.25
7823;18.85;29.75;22.25
7828;19.34;29.75;22.25
7834;18.85;29.75;22.25
7840;18.85;29.75;22.25
7846;18.85;29.75;22.25
7852;18.85;29.75;22.25
7858;18.85;29.75;22.25
7863;18.85;29.75;22.25
7869;18.85;29.75;22.25
7875;18.85;29.75;22.25
7881;18.36;29.75;22.25
7887;18.85;29.75;22.25
7892;18.85;29.69;22.25
7898;18.85;29.69;22.25
7904;19.34;29.69;22.25
7910;18.85;29.69;22.25
7916;19.34;29.69;22.25
7922;18.85;29.69;22.25
7927;18.85;29.75;22.25
7933;18.85;29.69;22.25
7939;18.85;29.69;22.25
7945;18.85;29.69;22.25
7951;18.85;29.69;22.25
7957;18.85;29.69;22.25
7962;18.85;29.69;22.25
7968;18.85;29.69;22.25
7974;18.85;29.69;22.25
7980;18.85;29.69;22.25
7986;18.85;29.69;22.25
7991;18.85;29.69;22.25
7997;18.85;29.69;22.25
8003;18.85;29.69;22.25
8009;18.85;29.69;22.25
8015;18.85;29.69;22.25
8021;18.85;29.69;22.25
8026;18.85;29.69;22.31
8032;18.85;29.69;22.25
8038;18.85;29.62;22.31
8044;19.34;29.62;22.25
8050;18.85;29.62;22.31
8056;18.85;29.69;22.31
8061;18.85;29.69;22.25
8067;18.85;29.69;22.31
8073;18.85;29.69;22.25
8079;18.85;29.69;22.31
8085;19.34;29.69;22.31
8091;18.85;29.69;22.31
8096;18.85;29.62;22.31
8102;18.85;29.62;22.31
8108;18.85;29.62;22.31
8114;19.34;29.69;22.31
8120;19.34;29.69;22.31
8125;18.85;29.69;22.31
8131;18.85;29.69;22.31
8137;19.34;29.62;22.31
8143;19.34;29.62;22.31
8149;18.85;29.62;22.31
8155;18.85;29.62;22.31
8160;18.85;29.62;22.31
8166;18.85;29.62;22.31
8172;18.85;29.62;22.31
8178;18.85;29.62;22.31
8184;18.85;29.62;22.31
8190;19.34;29.62;22.31
8195;18.85;29.62;22.31
8201;18.85;29.69;22.31
8207;19.34;29.69;22.31
8213;18.85;29.69;22.31
8219;18.85;29.69;22.31
8224;18.85;29.69;22.31
8230;18.85;29.69;22.31
8236;18.85;29.69;22.31
8242;19.34;29.69;22.31
8248;18.85;29.69;22.31
8254;19.34;29.75;22.31
8259;18.85;29.75;22.31
8265;18.85;29.75;22.31
8271;18.85;29.75;22.31
8277;19.34;29.75;22.31
8283;18.85;29.75;22.31
8289;18.85;29.75;22.31
8294;19.34;29.75;22.31
8300;18.85;29.75;22.31
8306;18.85;29.75;22.31
8312;18.85;29.75;22.31
8318;18.85;29.75;22.31
8324;18.85;29.62;22.37
8329;18.85;29.56;22.31
8335;18.85;29.56;22.37
8341;18.36;29.5;22.37
8347;18.85;29.5;22.37
8353;18.85;29.56;22.37
8358;18.85;29.56;22.37
8364;18.85;29.56;22.37
8370;19.34;29.56;22.37
8376;18.85;29.56;22.31
8382;18.85;29.62;22.37
8388;18.85;29.62;22.37
8393;19.34;29.62;22.37
8399;18.85;29.62;22.37
8405;18.85;29.62;22.37
8411;18.85;29.62;22.37
8417;18.85;29.62;22.37
8423;18.85;29.62;22.37
8428;19.34;29.62;22.37
8434;18.85;29.62;22.37
8440;18.85;29.62;22.37
8446;18.85;29.62;22.37
8452;19.34;29.62;22.37
8457;18.85;29.62;22.37
8463;18.85;29.62;22.37
8469;19.34;29.62;22.37
8475;19.34;29.62;22.37
8481;18.85;29.69;22.37
8487;18.85;29.62;22.37
8492;18.85;29.69;22.37
8498;19.34;29.69;22.37
8504;18.85;29.69;22.37
8510;18.85;29.69;22.37
8516;18.85;29.69;22.37
8522;18.85;29.62;22.37
8527;18.85;29.69;22.37
8533;19.34;29.62;22.37
8539;18.85;29.69;22.37
8545;18.85;29.69;22.37
8551;18.85;29.69;22.37
8557;18.85;29.69;22.37
8562;18.85;29.62;22.37
8568;18.85;29.62;22.37
8574;19.34;29.69;22.37
8580;19.34;29.69;22.37
8586;18.85;29.69;22.37
8591;19.34;29.69;22.37
8597;19.34;29.69;22.37
8603;18.85;29.69;22.37
8609;18.85;29.75;22.37
8615;18.85;29.75;22.37
8621;18.85;29.75;22.37
8626;19.34;29.75;22.44
8632;18.85;29.75;22.44
8638;18.85;29.75;22.37
8644;18.85;29.75;22.44
8650;18.85;29.75;22.44
8656;18.85;29.75;22.44
8661;18.85;29.75;22.44
8667;19.34;29.75;22.44
8673;18.85;29.75;22.44
8679;18.85;29.75;22.37
8685;18.85;29.75;22.44
8690;18.85;29.75;22.44
8696;18.85;29.75;22.44
8702;19.34;29.81;22.44
8708;18.85;29.81;22.44
8714;19.34;29.81;22.44
8720;18.85;29.81;22.44
8725;18.85;29.81;22.44
8731;18.85;29.81;22.44
8737;18.85;29.87;22.44
8743;18.85;29.81;22.44
8749;18.85;29.87;22.44
8755;18.85;29.87;22.44
8760;19.34;29.87;22.44
8766;18.85;29.87;22.44
8772;18.85;29.87;22.44
8778;18.85;29.87;22.44
8784;19.34;29.87;22.44
8790;19.34;29.87;22.44
8795;18.85;29.87;22.44
8801;19.34;29.87;22.44
8807;18.85;29.94;22.44
8813;19.34;29.94;22.44
8819;18.85;29.87;22.44
8824;18.85;29.87;22.44
8830;19.34;29.94;22.44
8836;18.85;29.87;22.44
8842;18.85;29.94;22.44
8848;18.85;29.94;22.44
8854;19.34;29.94;22.44
8859;18.85;29.94;22.44
8865;19.34;29.94;22.44
8871;19.34;29.94;22.44
8877;18.85;29.87;22.44
8883;19.34;29.87;22.44
8889;18.85;29.87;22.44
8894;18.85;29.87;22.44
8900;19.34;29.87;22.44
8906;18.85;29.87;22.44
8912;18.85;29.87;22.44
8918;19.34;29.87;22.44
8924;18.85;29.87;22.44
8929;19.34;29.87;22.44
8935;18.85;29.87;22.44
8941;19.34;29.87;22.44
8947;18.85;29.87;22.5
8953;18.85;29.87;22.5
8958;18.85;29.87;22.5
8964;18.85;29.87;22.5
8970;18.85;29.87;22.5
8976;18.85;29.87;22.5
8982;19.34;29.87;22.5
8988;19.34;29.81;22.5
8993;19.34;29.81;22.5
8999;19.34;29.81;22.5
9005;19.34;29.81;22.5
9011;18.85;29.81;22.5
9017;18.85;29.81;22.5
9023;19.34;29.81;22.5
9028;19.34;29.81;22.5
9034;19.34;29.81;22.5
9040;18.85;29.87;22.5
9046;18.85;29.87;22.5
9052;18.85;29.87;22.5
9057;19.34;29.87;22.5
9063;18.85;29.87;22.5
9069;18.85;29.87;22.5
9075;19.34;29.87;22.5
9081;18.85;29.87;22.5
9087;18.85;29.94;22.5
9092;18.85;29.94;22.5
9098;18.85;29.94;22.5
9104;19.34;29.94;22.5
9110;18.85;29.94;22.5
9116;18.85;29.94;22.5
9122;18.85;29.94;22.5
9127;19.34;29.94;22.5
9133;18.85;29.94;22.5
9139;18.85;29.94;22.5
9145;18.85;29.94;22.5
9151;19.34;29.94;22.5
9157;18.85;29.94;22.5
9162;18.85;30;22.5
9168;18.85;29.94;22.5
9174;18.85;30;22.5
9180;19.34;30;22.5
9186;19.34;30;22.5
9191;18.85;30;22.5
9197;18.85;30;22.5
9203;18.85;30;22.5
9209;19.34;30;22.56
9215;18.85;30;22.5
9221;19.34;30;22.5
9226;18.85;30;22.5
9232;18.85;30;22.5
9238;18.85;30;22.56
9244;18.85;30;22.5
9250;18.85;30;22.5
9256;18.85;30;22.5
9261;18.85;30;22.56
9267;19.34;30.06;22.5
9273;19.34;30.06;22.5
9279;18.85;30.06;22.56
9285;19.34;30.06;22.56
9290;19.34;30.06;22.56
9296;18.85;30.06;22.56
9302;19.34;30.06;22.56
9308;18.85;30.06;22.56
9314;19.34;30;22.56
9320;18.85;30;22.56
9325;18.85;30;22.56
9331;18.85;30;22.56
9337;18.85;30;22.56
9343;18.85;30;22.56
9349;19.34;30;22.56
9355;19.34;30;22.56
9360;19.34;30;22.56
9366;18.85;30;22.56
9372;19.34;30;22.56
9378;18.85;30;22.56
9384;18.85;30;22.56
9390;18.85;30;22.56
9395;18.85;30;22.56
9401;18.85;30;22.56
9407;18.85;30;22.56
9413;18.85;30;22.56
9419;18.85;30;22.56
9424;18.85;30;22.56
9430;18.85;30;22.56
9436;18.85;30;22.56
9442;18.85;30;22.56
9448;18.85;30;22.56
9454;19.34;30;22.56
9459;18.85;30;22.56
9465;19.34;30;22.56
9471;19.34;30;22.56
9477;18.85;30;22.56
9483;19.34;30;22.56
9489;19.34;30;22.56
9494;19.34;29.94;22.56
9500;19.34;30;22.56
9506;19.34;30;22.56
9512;18.85;30;22.56
9518;18.85;30;22.56
9523;18.85;30;22.56
9529;19.34;30;22.56
9535;18.85;30;22.56
9541;19.34;30;22.56
9547;18.85;30;22.56
9553;18.85;30;22.56
9558;18.85;30;22.56
9564;18.85;30;22.56
9570;18.85;30;22.56
9576;18.85;30;22.62
9582;18.85;30;22.62
9588;18.85;30;22.56
9593;18.85;30;22.56
9599;19.34;30;22.62
9605;18.85;30;22.62
9611;19.34;30;22.62
9617;18.85;30;22.62
9623;19.34;30;22.62
9628;19.34;30;22.62
9634;18.85;29.94;22.62
9640;18.85;30;22.62
9646;18.85;30;22.62
9652;19.34;30;22.62
9657;18.85;30;22.62
9663;18.85;30;22.62
9669;19.34;30;22.62
9675;19.34;30;22.62
9681;19.34;30;22.62
9687;19.34;30;22.62
9692;18.85;30;22.62
9698;18.85;30;22.62
9704;18.85;30;22.62
9710;18.85;30;22.62
9716;19.34;30.06;22.62
9722;18.85;30.06;22.62
9727;18.85;30.06;22.62
9733;18.85;30.06;22.62
9739;18.85;30.06;22.62
9745;18.85;30.06;22.62
9751;18.85;30.06;22.62
9756;18.85;30.06;22.62
9762;18.85;30.06;22.62
9768;19.34;30.06;22.62
9774;18.85;30.06;22.62
9780;18.85;30.06;22.62
9786;19.34;30.06;22.62
9791;18.85;30;22.62
9797;18.85;30;22.62
9803;18.85;30.06;22.62
9809;19.34;30.06;22.62
9815;18.85;30.06;22.62
9821;18.85;30.06;22.62
9826;19.34;30.06;22.62
9832;18.85;30.06;22.62
9838;18.85;30.06;22.62
9844;18.85;30.06;22.62
9850;19.34;30.06;22.69
9856;18.85;30.12;22.62
9861;18.85;30.12;22.62
9867;18.85;30.12;22.62
9873;19.34;30.12;22.62
9879;18.85;30.12;22.69
9885;19.34;30.12;22.62
9890;18.85;30.12;22.62
9896;18.85;30.12;22.69
9902;19.34;30.19;22.69
9908;19.34;30.19;22.69
9914;18.85;30.19;22.69
9920;18.85;30.19;22.69
9925;19.34;30.19;22.69
9931;18.85;30.19;22.69
9937;18.85;30.19;22.69
9943;19.34;30.19;22.69
9949;18.85;30.19;22.69
9955;18.85;30.19;22.69
9960;18.85;30.19;22.69
9966;18.85;30.19;22.69
9972;19.34;30.19;22.69
9978;18.85;30.19;22.69
9984;18.85;30.19;22.69
9989;18.85;30.19;22.69
9995;18.85;30.19;22.69
10001;19.34;30.19;22.69
10007;18.85;30.19;22.69
10013;18.85;30.19;22.69
10019;18.85;30.19;22.69
10024;18.85;30.19;22.69
10030;18.85;30.19;22.69
10036;19.34;30.19;22.69
10042;18.85;30.19;22.69
10048;18.85;30.19;22.69
10054;18.85;30.12;22.69
10059;18.85;30.19;22.69
10065;19.34;30.19;22.69
10071;18.85;30.19;22.69
10077;19.34;30.19;22.69
10083;18.85;30.19;22.69
10089;18.85;30.19;22.69
10094;19.34;30.19;22.69
10100;18.85;30.19;22.69
10106;19.34;30.19;22.69
10112;18.85;30.19;22.69
10118;18.85;30.25;22.69
10123;18.85;30.25;22.69
10129;19.34;30.25;22.69
10135;18.85;30.25;22.69
10141;18.85;30.25;22.69
10147;18.85;30.19;22.69
10153;19.34;30.19;22.69
10158;18.85;30.25;22.69
10164;19.34;30.25;22.69
10170;18.85;30.25;22.69
10176;19.34;30.25;22.75
10182;19.34;30.25;22.69
10188;19.34;30.25;22.69
10193;18.85;30.25;22.69
10199;18.85;30.25;22.69
10205;18.85;30.25;22.75
10211;19.34;30.25;22.75
10217;18.85;30.25;22.75
10222;18.85;30.25;22.75
10228;18.85;30.25;22.75
10234;18.85;30.25;22.75
10240;19.34;30.25;22.75
10246;19.34;30.25;22.75
10252;18.85;30.19;22.75
10257;18.85;30.19;22.75
10263;18.85;30.19;22.75
10269;18.85;30.19;22.75
10275;19.34;30.19;22.75
10281;19.34;30.19;22.75
10287;18.85;30.19;22.75
10292;18.36;30.19;22.75
10298;18.85;30.19;22.75
10304;18.85;30.19;22.75
10310;18.85;30.19;22.75
10316;18.85;30.19;22.75
10322;18.85;30.19;22.75
10327;18.85;30.19;22.75
10333;18.36;30.19;22.75
10339;18.85;30.19;22.75
10345;19.34;30.19;22.75
10351;18.85;30.19;22.75
10356;19.34;30.19;22.75
10362;19.34;30.19;22.75
10368;19.34;30.19;22.75
10374;18.36;30.25;22.75
10380;19.34;30.25;22.75
10386;18.85;30.25;22.75
10391;18.85;30.25;22.75
10397;18.85;30.25;22.75
10403;19.34;30.25;22.75
10409;18.85;30.25;22.75
10415;18.85;30.25;22.75
10421;19.34;30.25;22.75
10426;18.85;30.25;22.75
10432;19.34;30.25;22.75
10438;19.34;30.25;22.75
10444;18.85;30.25;22.75
10450;18.85;30.25;22.75
10455;18.85;30.25;22.75
10461;19.34;30.25;22.75
10467;19.34;30.25;22.75
10473;18.85;30.25;22.75
10479;18.85;30.25;22.75
10485;19.34;30.25;22.75
10490;18.85;30.25;22.75
10496;19.34;30.25;22.75
10502;18.85;30.25;22.75
10508;18.85;30.25;22.75
10514;18.85;30.25;22.81
10520;19.34;30.25;22.81
10525;18.85;30.25;22.81
10531;19.34;30.25;22.81
10537;18.85;30.25;22.81
10543;18.85;30.25;22.81
10549;19.34;30.25;22.81
10555;18.85;30.25;22.81
10560;19.34;30.31;22.75
10566;18.85;30.31;22.81
10572;18.85;30.31;22.81
10578;18.85;30.31;22.81
10584;19.34;30.31;22.81
10589;19.34;30.25;22.81
10595;18.85;30.31;22.81
10601;18.85;30.31;22.81
10607;18.85;30.31;22.81
10613;19.34;30.31;22.81
10619;18.85;30.31;22.81
10624;18.85;30.31;22.81
10630;18.85;30.31;22.81
10636;18.85;30.31;22.81
10642;18.85;30.31;22.81
10648;19.34;30.31;22.81
10654;19.34;30.31;22.81
10659;18.85;30.31;22.81
10665;18.85;30.31;22.81
10671;19.34;30.31;22.81
10677;18.85;30.31;22.81
10683;19.34;30.31;22.81
10688;18.85;30.31;22.81
10694;19.34;30.31;22.81
10700;18.85;30.31;22.81
10706;19.34;30.31;22.81
10712;18.85;30.31;22.81
10718;18.85;30.31;22.81
10723;18.85;30.31;22.81
10729;18.85;30.31;22.81
10735;18.85;30.31;22.81
10741;18.85;30.31;22.81
10747;18.85;30.31;22.81
10753;18.85;30.31;22.81
10758;19.34;30.31;22.81
10764;18.85;30.31;22.81
10770;18.85;30.31;22.81
10776;18.85;30.31;22.81
10782;18.85;30.31;22.81
10788;18.85;30.31;22.81
10793;18.85;30.31;22.81
10799;18.85;30.31;22.81
10805;18.85;30.31;22.81
10811;18.85;30.31;22.81
10817;18.85;30.31;22.81
10822;19.34;30.31;22.81
10828;18.85;30.31;22.81
10834;18.85;30.31;22.81
10840;19.34;30.31;22.87
10846;18.85;30.31;22.81
10852;18.85;30.31;22.81
10857;18.85;30.31;22.87
10863;19.34;30.31;22.81
10869;18.85;30.37;22.81
10875;18.85;30.37;22.81
10881;18.85;30.37;22.87
10887;19.34;30.31;22.81
10892;19.34;30.31;22.87
10898;18.85;30.31;22.81
10904;18.85;30.31;22.87
10910;18.85;30.31;22.87
10916;18.85;30.31;22.87
10921;19.34;30.31;22.87
10927;18.85;30.31;22.87
10933;18.85;30.37;22.87
10939;19.34;30.31;22.87
10945;18.85;30.31;22.87
10951;18.85;30.37;22.87
10956;18.85;30.31;22.87
10962;18.85;30.31;22.87
10968;18.85;30.31;22.87
10974;18.85;30.31;22.87
10980;18.85;30.31;22.87
10986;18.85;30.31;22.87
10991;18.85;30.37;22.87
10997;18.85;30.37;22.87
11003;19.34;30.31;22.87
11009;18.85;30.31;22.87
11015;18.85;30.31;22.87
11021;19.34;30.31;22.87
11026;18.85;30.31;22.87
11032;18.85;30.31;22.87
11038;18.85;30.31;22.87
11044;18.85;30.37;22.87
11050;18.85;30.37;22.87
11055;18.85;30.37;22.87
11061;19.34;30.37;22.87
11067;18.85;30.37;22.87
11073;18.85;30.37;22.87
11079;19.34;30.31;22.87
11085;18.85;30.31;22.87
11090;18.85;30.31;22.87
11096;18.85;30.31;22.87
11102;18.85;30.31;22.87
11108;19.34;30.31;22.87
11114;19.34;30.31;22.87
11120;18.85;30.31;22.87
11125;18.85;30.31;22.87
11131;18.85;30.31;22.87
11137;19.34;30.31;22.87
11143;18.85;30.31;22.87
11149;19.34;30.31;22.87
11154;19.34;30.31;22.87
11160;18.85;30.31;22.94
11166;18.85;30.25;22.87
11172;19.34;30.31;22.87
11178;18.85;30.31;22.87
11184;18.85;30.31;22.87
11189;18.85;30.31;22.94
11195;18.85;30.25;22.94
11201;18.85;30.25;22.94
11207;19.34;30.25;22.94
11213;18.36;30.25;22.94
11219;18.85;30.25;22.94
11224;18.85;30.25;22.94
11230;18.85;30.25;22.94
11236;19.34;30.25;22.94
11242;18.85;30.25;22.94
11248;19.34;30.25;22.94
11254;18.85;30.25;22.94
11259;18.85;30.25;22.94
11265;18.85;30.25;22.94
11271;18.85;30.25;22.94
11277;18.85;30.25;22.94
11283;18.85;30.25;22.94
11288;18.85;30.25;22.94
11294;18.85;30.25;22.94
11300;18.85;30.25;22.94
11306;18.85;30.25;22.94
11312;18.85;30.25;22.94
11318;19.34;30.25;22.94
11323;18.85;30.25;22.94
11329;18.85;30.25;22.94
11335;18.85;30.19;22.94
11341;18.85;30.19;22.94
11347;18.85;30.19;22.94
11353;19.34;30.12;22.94
11358;18.85;30.12;22.94
11364;18.85;30.12;22.94
11370;18.85;30.12;22.94
11376;19.34;30.12;22.94
11382;18.85;30.12;22.94
11387;18.85;30.12;22.94
11393;18.85;30.12;22.94
11399;19.34;30.12;22.94
11405;18.85;30.12;22.94
11411;18.85;30.12;22.94
11417;19.34;30.12;22.94
11422;19.34;30.12;22.94
11428;19.34;30.12;22.94
11434;18.85;30.12;22.94
11440;18.85;30.12;22.94
11446;18.85;30.12;22.94
11452;18.85;30.12;22.94
11457;18.85;30.12;22.94
11463;18.85;30.12;22.94
11469;19.34;30.12;22.94
11475;19.34;30.19;22.94
11481;18.85;30.12;22.94
11487;18.85;30.12;22.94
11492;19.34;30.12;22.94
11498;19.34;30.19;23
11504;18.85;30.19;22.94
11510;18.85;30.19;22.94
11516;18.85;30.19;23
11521;18.85;30.19;23
11527;19.34;30.19;23
11533;18.85;30.19;23
11539;18.85;30.12;23
11545;18.85;30.19;23
11551;19.34;30.12;23
11556;19.34;30.12;23
11562;18.85;30.12;23
11568;18.85;30.12;23
11574;18.85;30.12;23
11580;18.85;30.12;23
11586;18.85;30.12;23
11591;18.85;30.19;23
11597;18.85;30.19;23
11603;18.85;30.19;23
11609;18.85;30.19;23
11615;19.34;30.19;23
11620;18.85;30.19;23
11626;19.34;30.19;23
11632;18.85;30.12;23
11638;18.85;30.19;23
11644;18.85;30.19;23
11650;18.85;30.19;23
11655;18.36;30.19;23
11661;18.85;30.19;23
11667;18.85;30.19;23
11673;18.85;30.19;23
11679;18.85;30.19;23
11685;18.85;30.25;23
11690;18.85;30.25;23
11696;18.85;30.25;23
11702;18.85;30.19;23
11708;18.85;30.19;23
11714;18.85;30.19;23
11720;18.85;30.19;23
11725;18.85;30.19;23
11731;18.85;30.25;23
11737;18.85;30.25;23
11743;18.85;30.19;23
11749;18.85;30.19;23
11754;19.34;30.25;23
11760;18.85;30.25;23
11766;19.34;30.25;23
11772;18.85;30.25;23
11778;19.34;30.25;23
11784;18.85;30.25;23
11789;18.85;30.25;23
11795;18.85;30.25;23
11801;18.85;30.25;23
11807;18.85;30.25;23
11813;18.85;30.25;23
11819;18.85;30.25;23
11824;18.85;30.25;23
11830;18.85;30.19;23
11836;18.85;30.19;23
11842;18.85;30.19;23
11848;18.85;30.19;23
11853;18.85;30.19;23
11859;18.85;30.19;23
11865;18.85;30.19;23
11871;18.85;30.19;23
11877;19.34;30.25;23
11883;18.85;30.25;23
11888;19.34;30.25;23
11894;18.85;30.25;23
11900;18.85;30.25;23.06
11906;18.85;30.25;23
11912;18.85;30.25;23.06
11918;18.85;30.25;23.06
11923;18.85;30.25;23.06
11929;18.85;30.25;23.06
11935;18.85;30.25;23.06
11941;18.85;30.31;23.06
11947;18.85;30.31;23.06
11953;18.36;30.25;23.06
11958;18.85;30.31;23.06
11964;18.85;30.25;23.06
11970;18.85;30.25;23.06
11976;18.85;30.31;23.06
11982;19.34;30.25;23.06
11987;18.85;30.25;23.06
11993;18.85;30.25;23.06
11999;18.85;30.25;23.06
12005;18.85;30.25;23.06
12011;18.85;30.25;23.06
12017;18.36;30.25;23.06
12022;18.36;30.31;23.06
12028;19.34;30.31;23.06
12034;19.34;30.31;23.06
12040;18.85;30.31;23.06
12046;18.85;30.31;23.06
12052;18.85;30.31;23.06
12057;18.85;30.31;23.06
12063;18.85;30.31;23.06
12069;18.85;30.31;23.06
12075;18.85;30.31;23.06
12081;18.85;30.31;23.06
12087;18.85;30.31;23.06
12092;18.85;30.31;23.06
12098;18.85;30.31;23.06
12104;18.85;30.31;23.06
12110;18.85;30.25;23.06
12116;18.85;30.25;23.06
12121;18.85;30.25;23.06
12127;18.85;30.25;23.06
12133;18.85;30.25;23.06
12139;18.85;30.25;23.06
12145;18.85;30.25;23.06
12151;18.85;30.25;23.06
12156;18.85;30.25;23.06
12162;18.85;30.25;23.06
12168;18.85;30.25;23.06
12174;18.85;30.31;23.06
12180;18.85;30.25;23.06
12186;18.85;30.25;23.06
12191;18.85;30.25;23.06
12197;18.85;30.25;23.06
12203;18.85;30.31;23.06
12209;18.85;30.31;23.06
12215;18.85;30.25;23.06
12220;18.85;30.31;23.06
12226;18.85;30.25;23.06
12232;19.34;30.31;23.06
12238;18.85;30.31;23.06
12244;18.85;30.31;23.06
12250;18.85;30.31;23.06
12255;18.36;30.31;23.06
12261;18.85;30.31;23.12
12267;18.36;30.31;23.12
12273;18.85;30.31;23.06
12279;18.85;30.31;23.12
12285;18.85;30.31;23.12
12290;18.85;30.31;23.12
12296;18.85;30.31;23.12
12302;18.85;30.31;23.12
12308;18.85;30.25;23.12
12314;18.85;30.31;23.12
12320;18.85;30.31;23.12
12325;18.85;30.31;23.12
12331;18.85;30.31;23.12
12337;18.85;30.31;23.12
12343;18.85;30.31;23.12
12349;18.36;30.31;23.12
12354;18.36;30.31;23.12
12360;18.85;30.31;23.12
12366;18.85;30.31;23.12
12372;18.85;30.31;23.12
12378;18.85;30.31;23.12
12384;18.85;30.31;23.12
12389;18.85;30.31;23.12
12395;18.85;30.31;23.12
12401;18.85;30.31;23.12
12407;18.85;30.31;23.12
12413;18.36;30.31;23.12
12419;18.85;30.31;23.12
12424;18.85;30.31;23.12
12430;18.85;30.31;23.12
12436;18.85;30.31;23.12
12442;18.85;30.31;23.12
12448;18.85;30.31;23.12
12453;18.85;30.31;23.12
12459;19.34;30.31;23.12
12465;18.85;30.31;23.12
12471;18.85;30.31;23.12
12477;18.85;30.31;23.12
12483;18.36;30.31;23.12
12488;18.85;30.31;23.12
12494;18.85;30.31;23.12
12500;18.85;30.31;23.12
12506;18.85;30.31;23.12
12512;18.85;30.31;23.12
12518;18.85;30.31;23.12
12523;18.85;30.31;23.12
12529;18.85;30.31;23.12
12535;18.85;30.31;23.12
12541;18.85;30.31;23.12
12547;18.85;30.31;23.12
12553;18.85;30.31;23.12
12558;18.36;30.31;23.12
12564;18.85;30.31;23.12
12570;18.85;30.31;23.12
12576;18.85;30.31;23.12
12582;18.36;30.25;23.12
12587;18.85;30.31;23.12
12593;18.85;30.25;23.19
12599;18.85;30.31;23.12
12605;18.85;30.31;23.12
12611;18.85;30.25;23.12
12617;18.85;30.25;23.12
12622;18.85;30.31;23.12
12628;18.85;30.31;23.12
12634;18.85;30.31;23.12
12640;18.85;30.31;23.19
12646;18.85;30.31;23.19
12652;18.85;30.31;23.19
12657;18.85;30.31;23.12
12663;18.85;30.31;23.19
12669;18.85;30.31;23.12
12675;18.85;30.31;23.19
12681;18.85;30.31;23.19
12686;18.85;30.31;23.19
12692;18.85;30.31;23.19
12698;18.85;30.25;23.19
12704;18.85;30.31;23.19
12710;18.85;30.25;23.19
12716;19.34;30.25;23.19
12721;18.85;30.25;23.19
12727;18.36;30.31;23.19
12733;18.85;30.31;23.19
12739;18.85;30.31;23.19
12745;18.85;30.31;23.19
12751;18.36;30.31;23.19
12756;18.85;30.25;23.19
12762;18.85;30.31;23.19
12768;18.85;30.31;23.19
12774;18.36;30.31;23.19
12780;18.85;30.31;23.19
12786;18.85;30.31;23.19
12791;18.85;30.31;23.19
12797;18.85;30.31;23.19
12803;18.36;30.31;23.19
12809;18.36;30.31;23.19
12815;18.85;30.31;23.19
12820;18.85;30.31;23.19
12826;18.85;30.31;23.19
12832;18.85;30.31;23.19
12838;18.85;30.31;23.19
12844;18.85;30.31;23.19
12850;18.85;30.31;23.19
12855;18.36;30.31;23.19
12861;18.85;30.31;23.19
12867;18.36;30.31;23.19
12873;18.85;30.31;23.19
12879;18.85;30.31;23.19
12885;18.36;30.31;23.19
12890;18.85;30.31;23.19
12896;18.85;30.31;23.19
12902;18.85;30.31;23.19
12908;18.85;30.31;23.19
12914;18.85;30.31;23.19
12919;18.85;30.31;23.19
12925;18.85;30.31;23.19
12931;18.36;30.31;23.19
12937;18.85;30.31;23.19
12943;18.85;30.31;23.19
12949;18.85;30.31;23.25
12954;18.36;30.31;23.25
12960;19.34;30.31;23.25
12966;18.85;30.31;23.19
12972;18.85;30.31;23.19
12978;18.85;30.31;23.19
12984;18.36;30.31;23.19
12989;18.85;30.31;23.19
12995;18.85;30.31;23.25
13001;18.36;30.31;23.25
13007;18.85;30.31;23.25
13013;18.85;30.31;23.25
13019;19.34;30.31;23.25
13024;19.34;30.31;23.25
13030;18.85;30.31;23.25
13036;18.85;30.31;23.25
13042;18.85;30.31;23.25
13048;18.85;30.31;23.25
13053;18.36;30.31;23.25
13059;18.85;30.31;23.25
13065;18.85;30.31;23.25
13071;18.85;30.31;23.25
13077;18.85;30.31;23.25
13083;18.85;30.31;23.25
13088;18.85;30.31;23.25
13094;18.36;30.31;23.25
13100;18.36;30.31;23.25
13106;18.85;30.31;23.25
13112;18.85;30.31;23.25
13118;18.85;30.31;23.25
13123;18.85;30.31;23.25
13129;18.85;30.31;23.25
13135;18.85;30.31;23.25
13141;18.85;30.31;23.25
13147;18.85;30.31;23.25
13152;18.85;30.31;23.25
13158;18.36;30.31;23.25
13164;18.36;30.31;23.25
13170;18.85;30.31;23.25
13176;18.36;30.31;23.25
13182;18.85;30.31;23.25
13187;18.36;30.31;23.25
13193;18.85;30.31;23.25
13199;18.36;30.31;23.25
13205;18.36;30.31;23.25
13211;18.36;30.31;23.25
13217;18.36;30.31;23.25
13222;18.36;30.31;23.25
13228;18.85;30.31;23.25
13234;18.85;30.31;23.25
13240;18.85;30.31;23.25
13246;18.85;30.31;23.25
13252;18.85;30.31;23.25
13257;18.85;30.31;23.25
13263;18.85;30.31;23.25
13269;18.36;30.31;23.25
13275;18.85;30.31;23.25
13281;18.36;30.31;23.25
13286;18.85;30.31;23.25
13292;18.85;30.25;23.25
13298;18.85;30.19;23.25
13304;18.85;30.19;23.25
13310;18.85;30.19;23.25
13316;18.85;30.19;23.31
13321;18.85;30.19;23.25
13327;18.85;30.19;23.25
13333;18.36;30.19;23.31
13339;18.85;30.19;23.25
13345;18.85;30.19;23.25
13351;18.85;30.19;23.25
13356;18.36;30.19;23.31
13362;18.85;30.19;23.31
13368;18.85;30.19;23.25
13374;18.85;30.25;23.25
13380;18.85;30.25;23.25
13385;18.85;30.25;23.31
13391;18.85;30.25;23.31
13397;18.85;30.25;23.31
13403;18.85;30.31;23.31
13409;18.85;30.31;23.31
13415;18.85;30.31;23.31
13420;18.85;30.31;23.31
13426;18.36;30.31;23.31
13432;18.85;30.31;23.31
13438;18.85;30.31;23.25
13444;18.85;30.31;23.31
13450;18.85;30.37;23.31
13455;18.85;30.37;23.31
13461;18.85;30.37;23.31
13467;18.85;30.37;23.31
13473;18.85;30.37;23.31
13479;18.85;30.37;23.31
13485;18.85;30.37;23.31
13490;18.85;30.37;23.31
13496;18.85;30.37;23.31
13502;18.36;30.37;23.31
13508;18.36;30.37;23.31
13514;18.85;30.44;23.31
13519;18.85;30.44;23.31
13525;18.85;30.44;23.31
13531;18.85;30.44;23.31
13537;18.85;30.44;23.31
13543;18.85;30.44;23.31
13549;18.85;30.44;23.31
13554;18.85;30.44;23.31
13560;18.85;30.5;23.31
13566;18.85;30.5;23.31
13572;18.85;30.44;23.31
13578;18.85;30.44;23.31
13584;18.85;30.44;23.31
13589;18.85;30.44;23.31
13595;18.85;30.44;23.31
13601;18.85;30.44;23.31
13607;18.85;30.5;23.31
13613;18.85;30.5;23.31
13618;18.85;30.5;23.31
13624;18.85;30.5;23.31
13630;18.85;30.5;23.31
13636;18.85;30.5;23.31
13642;18.85;30.5;23.31
13648;18.85;30.5;23.31
13653;18.36;30.5;23.31
13659;18.85;30.5;23.31
13665;18.85;30.5;23.31
13671;18.85;30.5;23.31
13677;18.85;30.5;23.31
13683;18.85;30.5;23.31
13688;18.85;30.56;23.31
13694;18.85;30.5;23.31
13700;18.85;30.5;23.31
13706;18.36;30.56;23.31
13712;18.85;30.56;23.31
13718;18.85;30.56;23.31
13723;18.36;30.56;23.31
13729;18.85;30.56;23.37
13735;18.85;30.56;23.31
13741;18.85;30.56;23.31
13747;18.36;30.56;23.37
13752;18.85;30.56;23.31
13758;18.85;30.56;23.31
13764;18.36;30.62;23.37
13770;18.85;30.62;23.37
13776;18.85;30.62;23.37
13782;18.36;30.62;23.37
13787;18.36;30.62;23.37
13793;18.85;30.62;23.37
13799;18.85;30.62;23.37
13805;18.85;30.62;23.37
13811;18.85;30.62;23.37
13817;18.85;30.62;23.37
13822;18.85;30.62;23.37
13828;18.36;30.62;23.37
13834;18.85;30.62;23.37
13840;18.85;30.62;23.31
13846;18.85;30.62;23.37
13851;18.85;30.62;23.37
13857;18.85;30.62;23.37
13863;18.85;30.62;23.37
13869;18.85;30.62;23.37
13875;18.36;30.62;23.37
13881;18.85;30.62;23.37
13886;18.85;30.62;23.37
13892;18.85;30.62;23.37
13898;18.85;30.62;23.37
13904;18.85;30.62;23.37
13910;18.85;30.62;23.37
13916;18.85;30.62;23.37
13921;18.85;30.62;23.37
13927;18.85;30.62;23.37
13933;18.85;30.62;23.37
13939;18.85;30.62;23.37
13945;18.85;30.62;23.37
13951;18.85;30.62;23.37
13956;18.85;30.62;23.37
13962;18.85;30.62;23.37
13968;18.85;30.62;23.37
13974;18.85;30.62;23.37
13980;18.85;30.62;23.37
13985;18.85;30.62;23.37
13991;18.85;30.62;23.37
13997;18.36;30.62;23.37
14003;18.85;30.62;23.37
14009;18.85;30.62;23.37
14015;18.36;30.62;23.37
14020;18.85;30.62;23.37
14026;18.85;30.62;23.37
14032;18.85;30.62;23.37
14038;18.85;30.62;23.37
14044;18.85;30.62;23.37
14050;18.85;30.62;23.37
14055;18.85;30.62;23.37
14061;18.85;30.62;23.37
14067;18.85;30.62;23.37
14073;18.36;30.62;23.37
14079;19.34;30.62;23.37
14084;18.85;30.62;23.37
14090;18.85;30.62;23.37
14096;18.85;30.62;23.37
14102;18.85;30.62;23.37
14108;18.85;30.62;23.37
14114;18.85;30.62;23.44
14119;19.34;30.62;23.37
14125;18.85;30.62;23.44
14131;18.85;30.62;23.44
14137;18.85;30.62;23.44
14143;18.36;30.62;23.44
14149;18.85;30.62;23.44
14154;18.85;30.62;23.37
14160;18.85;30.62;23.37
14166;18.36;30.62;23.44
14172;18.85;30.62;23.44
14178;18.36;30.62;23.44
14184;18.85;30.62;23.37
14189;18.85;30.56;23.44
14195;18.85;30.56;23.44
14201;18.85;30.56;23.44
14207;18.85;30.62;23.44
14213;18.85;30.56;23.44
14218;18.85;30.56;23.44
14224;18.85;30.62;23.44
14230;18.85;30.62;23.44
14236;18.85;30.62;23.44
14242;18.85;30.62;23.44
14248;18.85;30.62;23.44
14253;18.85;30.62;23.44
14259;18.36;30.62;23.44
14265;18.85;30.62;23.44
14271;18.85;30.62;23.44
14277;18.85;30.62;23.44
14283;18.36;30.62;23.44
14288;18.85;30.62;23.44
14294;18.85;30.62;23.44
14300;18.36;30.62;23.44
14306;18.85;30.62;23.44
14312;18.85;30.62;23.44
14318;18.85;30.62;23.44
14323;18.85;30.62;23.44
14329;18.36;30.62;23.44
14335;18.85;30.62;23.44
14341;18.85;30.62;23.44
14347;19.34;30.69;23.44
14352;18.85;30.69;23.44
14358;18.85;30.69;23.44
14364;18.85;30.69;23.44
14370;18.36;30.69;23.44
14376;18.36;30.69;23.44
14382;18.85;30.69;23.44
14387;18.36;30.69;23.44
14393;18.85;30.69;23.44
14399;18.85;30.69;23.44
14405;18.85;30.69;23.44
14411;18.85;30.69;23.44
14417;18.85;30.69;23.44
14422;18.85;30.69;23.44
14428;18.85;30.69;23.44
14434;18.85;30.62;23.44
14440;18.85;30.62;23.44
14446;18.85;30.62;23.44
14451;18.85;30.62;23.44
14457;18.85;30.62;23.44
14463;18.85;30.62;23.44
14469;18.85;30.69;23.44
14475;18.85;30.69;23.44
14481;18.85;30.69;23.44
14486;18.85;30.62;23.44
14492;18.85;30.62;23.44
14498;18.85;30.62;23.44
14504;18.85;30.62;23.44
14510;18.36;30.62;23.44
14516;18.85;30.62;23.44
14521;18.85;30.62;23.44
14527;18.85;30.62;23.44
14533;18.36;30.69;23.44
14539;18.85;30.69;23.5
14545;18.85;30.69;23.44
14551;18.85;30.69;23.5
14556;18.85;30.69;23.5
14562;19.34;30.69;23.44
14568;18.85;30.69;23.5
14574;18.85;30.69;23.44
14580;18.85;30.62;23.5
14585;19.34;30.62;23.5
14591;18.85;30.69;23.44
14597;18.36;30.69;23.5
14603;18.85;30.69;23.5
14609;18.36;30.69;23.5
14615;18.85;30.69;23.5
14620;18.85;30.69;23.5
14626;18.85;30.69;23.5
14632;18.85;30.69;23.5
14638;18.85;30.69;23.5
14644;18.85;30.69;23.5
14650;18.85;30.69;23.5
14655;18.85;30.69;23.5
14661;18.85;30.69;23.5
14667;18.85;30.69;23.5
14673;18.85;30.69;23.5
14679;18.36;30.69;23.5
14684;18.85;30.69;23.5
14690;18.85;30.69;23.5
14696;18.85;30.69;23.5
14702;18.85;30.69;23.5
14708;18.85;30.69;23.5
14714;18.36;30.69;23.5
14719;18.85;30.69;23.5
14725;19.34;30.69;23.5
14731;18.85;30.69;23.5
14737;18.85;30.69;23.5
14743;18.85;30.75;23.5
14749;18.85;30.69;23.5
14754;18.85;30.69;23.5
14760;18.85;30.69;23.5
14766;18.85;30.69;23.5
14772;18.85;30.69;23.5
14778;18.85;30.69;23.5
14784;18.85;30.69;23.5
14789;18.85;30.69;23.5
14795;18.85;30.69;23.5
14801;18.85;30.69;23.5
14807;18.85;30.69;23.5
14813;18.85;30.69;23.5
14818;18.85;30.69;23.5
14824;18.85;30.69;23.5
14830;18.85;30.69;23.5
14836;18.85;30.69;23.5
14842;18.85;30.69;23.5
14848;18.85;30.69;23.5
14853;18.85;30.69;23.5
14859;18.85;30.69;23.5
14865;18.36;30.69;23.5
14871;18.85;30.69;23.5
14877;18.85;30.69;23.5
14883;18.85;30.69;23.5
14888;18.85;30.69;23.5
14894;18.85;30.69;23.5
14900;18.85;30.69;23.5
14906;18.36;30.69;23.5
14912;18.36;30.69;23.5
14917;18.85;30.69;23.5
14923;18.85;30.75;23.5
14929;18.85;30.75;23.5
14935;18.85;30.75;23.56
14941;18.85;30.75;23.5
14947;18.85;30.69;23.5
14952;18.85;30.69;23.5
14958;18.85;30.69;23.5
14964;18.85;30.75;23.56
14970;18.36;30.69;23.5
14976;18.85;30.69;23.56
14982;18.85;30.69;23.56
14987;18.85;30.75;23.56
14993;18.85;30.75;23.5
14999;18.85;30.75;23.56
15005;18.85;30.75;23.56
15011;18.85;30.75;23.56
15017;18.85;30.75;23.56
15022;18.85;30.75;23.56
15028;18.85;30.75;23.56
15034;18.85;30.75;23.56
15040;19.34;30.75;23.56
15046;18.85;30.75;23.56
15051;18.85;30.75;23.56
15057;18.85;30.75;23.56
15063;18.85;30.75;23.56
15069;18.85;30.75;23.56
15075;18.85;30.75;23.56
15081;18.85;30.75;23.56
15086;18.85;30.75;23.56
15092;18.85;30.69;23.56
15098;18.85;30.69;23.56
15104;18.85;30.75;23.56
15110;18.85;30.75;23.56
15116;18.85;30.75;23.56
15121;18.85;30.75;23.56
15127;18.85;30.75;23.56
15133;18.85;30.75;23.56
15139;18.85;30.75;23.56
15145;18.85;30.75;23.56
15150;18.85;30.75;23.56
15156;18.85;30.75;23.56
15162;18.85;30.81;23.56
15168;18.85;30.81;23.56
15174;18.85;30.81;23.56
15180;18.85;30.81;23.56
15185;18.85;30.81;23.56
15191;18.85;30.81;23.56
15197;18.85;30.81;23.56
15203;18.85;30.81;23.56
15209;18.85;30.81;23.56
15215;18.85;30.81;23.56
15220;18.36;30.81;23.56
15226;18.85;30.81;23.56
15232;18.85;30.81;23.56
15238;19.34;30.81;23.56
15244;18.85;30.81;23.56
15250;18.85;30.81;23.56
15255;18.85;30.81;23.56
15261;18.85;30.81;23.56
15267;18.85;30.81;23.56
15273;18.85;30.81;23.56
15279;18.85;30.81;23.56
15284;18.85;30.81;23.56
15290;18.85;30.81;23.56
15296;18.85;30.81;23.56
15302;18.85;30.81;23.56
15308;18.85;30.81;23.56
15314;18.85;30.81;23.56
15319;18.85;30.87;23.56
15325;19.34;30.81;23.56
15331;18.85;30.81;23.56
15337;18.85;30.81;23.56
15343;18.85;30.81;23.56
15349;18.85;30.81;23.56
15354;19.34;30.81;23.62
15360;18.85;30.87;23.56
15366;18.85;30.81;23.56
15372;18.85;30.81;23.56
15378;18.85;30.87;23.62
15383;18.85;30.87;23.56
15389;18.85;30.87;23.56
15395;19.34;30.81;23.62
15401;18.85;30.81;23.62
15407;18.85;30.87;23.56
15413;18.85;30.81;23.56
15418;18.85;30.87;23.62
15424;19.34;30.87;23.62
15430;18.85;30.87;23.62
15436;18.85;30.87;23.62
15442;18.85;30.87;23.62
15448;18.85;30.87;23.62
15453;18.85;30.87;23.62
15459;18.85;30.87;23.62
15465;18.85;30.87;23.62
15471;18.85;30.87;23.62
15477;18.85;30.87;23.62
15483;18.85;30.87;23.62
15488;18.36;30.87;23.62
15494;18.85;30.87;23.62
15500;18.85;30.87;23.62
15506;18.85;30.87;23.62
15512;18.85;30.87;23.62
15517;18.85;30.87;23.62
15523;18.85;30.87;23.62
15529;18.85;30.87;23.62
15535;18.85;30.87;23.62
15541;18.85;30.81;23.62
15547;18.85;30.81;23.62
15552;18.85;30.81;23.62
15558;18.85;30.87;23.62
15564;18.85;30.87;23.62
15570;18.85;30.87;23.62
15576;18.85;30.87;23.62
15582;18.85;30.87;23.62
15587;18.36;30.87;23.62
15593;18.85;30.87;23.62
15599;18.85;30.87;23.62
15605;18.85;30.87;23.62
15611;18.85;30.87;23.62
15616;18.85;30.87;23.62
15622;18.85;30.87;23.62
15628;18.85;30.87;23.62
15634;19.34;30.87;23.62
15640;18.85;30.87;23.62
15646;19.34;30.87;23.62
15651;18.85;30.87;23.62
15657;18.85;30.87;23.62
15663;18.85;30.87;23.62
15669;18.36;30.87;23.62
15675;18.85;30.87;23.62
15681;18.85;30.87;23.62
15686;18.85;30.87;23.62
15692;18.85;30.87;23.62
15698;18.85;30.87;23.62
15704;18.85;30.87;23.62
15710;18.85;30.87;23.62
15716;18.85;30.87;23.69
15721;18.85;30.87;23.62
15727;18.85;30.87;23.69
15733;18.85;30.87;23.62
15739;18.85;30.87;23.62
15745;18.85;30.87;23.62
15750;18.85;30.87;23.62
15756;18.85;30.87;23.69
15762;18.36;30.87;23.62
15768;18.85;30.87;23.62
15774;18.85;30.94;23.69
15780;18.85;30.94;23.62
15785;18.85;30.94;23.69
15791;18.85;30.94;23.62
15797;18.85;30.94;23.62
15803;18.85;30.94;23.69
15809;18.85;30.94;23.69
15815;18.85;30.94;23.69
15820;18.85;30.94;23.69
15826;18.85;30.94;23.69
15832;18.85;30.94;23.69
15838;18.85;30.94;23.69
15844;19.34;30.94;23.62
15849;18.85;30.94;23.69
15855;18.85;30.87;23.69
15861;18.85;30.87;23.69
15867;18.85;30.87;23.69
15873;18.85;30.87;23.69
15879;18.85;30.94;23.69
15884;18.85;30.94;23.69
15890;18.85;30.94;23.69
15896;18.85;30.94;23.69
15902;18.85;30.87;23.69
15908;18.85;30.94;23.69
15914;18.85;30.94;23.69
15919;18.85;30.94;23.69
15925;18.85;30.94;23.69
15931;18.85;30.94;23.69
15937;18.85;30.94;23.69
15943;18.85;30.94;23.69
15949;18.85;30.94;23.69
15954;18.36;30.94;23.69
15960;18.85;30.94;23.69
15966;18.85;30.94;23.69
15972;18.85;30.94;23.69
15978;18.85;30.94;23.69
15983;18.85;30.94;23.69
15989;18.85;30.94;23.69
15995;18.85;30.94;23.69
16001;18.85;30.94;23.69
16007;18.85;30.94;23.69
16013;18.85;30.94;23.69
16018;18.85;30.94;23.69
16024;18.85;30.94;23.69
16030;18.85;30.94;23.69
16036;18.85;30.94;23.69
16042;18.85;30.94;23.69
16048;18.85;30.94;23.69
16053;18.85;30.94;23.69
16059;18.85;30.94;23.69
16065;18.85;30.94;23.69
16071;19.34;30.94;23.69
16077;19.34;30.94;23.69
16082;18.85;30.94;23.69
16088;18.85;30.94;23.69
16094;18.85;30.94;23.69
16100;18.85;30.94;23.69
16106;18.85;30.94;23.69
16112;18.85;30.94;23.69
16117;18.85;30.94;23.69
16123;18.85;30.94;23.69
16129;18.85;30.94;23.75
16135;18.85;30.94;23.69
16141;18.85;30.94;23.69
16147;18.85;30.94;23.75
16152;18.85;30.94;23.75
16158;18.85;30.94;23.75
16164;18.85;30.87;23.75
16170;18.85;30.94;23.69
16176;18.85;30.94;23.75
16182;18.85;30.94;23.75
16187;18.85;30.94;23.69
16193;18.85;30.87;23.69
16199;18.85;30.87;23.75
16205;18.85;30.87;23.75
16211;18.85;30.87;23.75
16216;18.85;30.87;23.75
16222;18.85;30.87;23.75
16228;18.85;30.87;23.75
16234;18.85;30.87;23.75
16240;18.85;30.87;23.75
16246;18.85;30.87;23.75
16251;18.85;30.87;23.75
16257;18.85;30.87;23.75
16263;18.85;30.87;23.75
16269;19.34;30.87;23.75
16275;18.85;30.87;23.75
16281;18.85;30.87;23.75
16286;19.34;30.87;23.75
16292;18.85;30.87;23.75
16298;18.85;30.87;23.75
16304;18.85;30.87;23.75
16310;19.34;30.87;23.75
16315;19.34;30.87;23.75
16321;18.85;30.87;23.75
16327;18.85;30.87;23.75
16333;18.85;30.87;23.75
16339;18.85;30.94;23.75
16345;18.85;30.94;23.75
16350;18.85;30.94;23.75
16356;18.85;30.94;23.75
16362;18.85;30.94;23.75
16368;18.85;30.94;23.75
16374;18.85;30.94;23.75
16380;18.85;30.94;23.75
16385;18.85;30.94;23.75
16391;18.85;30.94;23.75
16397;19.34;30.94;23.75
16403;19.34;30.94;23.75
16409;18.85;30.94;23.75
16415;18.85;30.94;23.75
16420;18.85;30.94;23.75
16426;19.34;30.94;23.75
16432;19.34;30.94;23.75
16438;19.34;30.94;23.75
16444;18.85;30.94;23.75
16449;18.85;30.94;23.75
16455;19.34;30.94;23.75
16461;18.85;31;23.75
16467;18.85;30.94;23.75
16473;18.85;30.94;23.75
16479;18.85;30.94;23.75
16484;18.85;30.94;23.75
16490;19.34;30.94;23.75
16496;18.85;30.94;23.75
16502;18.85;30.94;23.75
16508;19.34;30.94;23.75
16514;18.85;30.94;23.75
16519;18.85;30.94;23.75
16525;18.85;30.94;23.75
16531;18.85;30.94;23.75
16537;18.85;30.94;23.75
16543;18.85;30.94;23.75
16549;18.85;30.94;23.75
16554;19.34;30.94;23.81
16560;18.85;30.94;23.75
16566;18.85;30.94;23.81
16572;18.85;30.94;23.75
16578;18.85;30.94;23.75
16583;18.85;30.94;23.75
16589;19.34;30.94;23.81
16595;18.85;31;23.75
16601;19.34;31;23.81
16607;19.34;31;23.81
16613;18.85;31;23.75
16618;18.36;31;23.81
16624;18.85;31;23.81
16630;19.34;31;23.81
16636;18.85;31;23.81
16642;18.85;31;23.81
16648;19.34;31;23.81
16653;19.34;30.94;23.81
16659;18.85;31;23.81
16665;18.85;31;23.81
16671;18.85;31;23.81
16677;18.36;30.94;23.81
16682;18.85;30.94;23.81
16688;19.34;30.94;23.81
16694;18.85;30.94;23.81
16700;18.85;30.87;23.81
16706;18.85;30.87;23.81
16712;18.85;30.87;23.81
16717;18.85;30.87;23.81
16723;19.34;30.87;23.81
16729;18.85;30.87;23.81
16735;18.85;30.81;23.81
16741;18.85;30.87;23.81
16747;18.85;30.87;23.81
16752;18.85;30.87;23.81
16758;18.85;30.81;23.81
16764;18.85;30.81;23.81
16770;18.85;30.81;23.81
16776;19.34;30.81;23.81
16782;18.85;30.81;23.81
16787;18.85;30.81;23.81
16793;19.34;30.81;23.81
16799;18.85;30.87;23.81
16805;19.34;30.87;23.81
16811;18.85;30.87;23.81
16816;18.85;30.87;23.81
16822;18.85;30.87;23.81
16828;18.85;30.87;23.81
16834;18.85;30.87;23.81
16840;18.85;30.87;23.81
16846;19.34;30.87;23.81
16851;18.85;30.87;23.81
16857;18.85;30.87;23.81
16863;18.85;30.94;23.81
16869;19.34;30.94;23.81
16875;19.34;30.94;23.81
16881;19.34;30.94;23.81
16886;18.85;30.94;23.81
16892;19.34;30.94;23.81
16898;19.34;30.94;23.81
16904;18.85;30.94;23.81
16910;18.85;30.94;23.81
16915;19.34;30.94;23.81
16921;18.85;30.94;23.81
16927;18.85;30.94;23.81
16933;18.85;30.94;23.81
16939;18.85;30.94;23.81
16945;19.34;30.94;23.81
16950;19.34;30.94;23.81
16956;18.85;30.94;23.81
16962;18.85;30.94;23.81
16968;19.34;31;23.81
16974;18.85;30.94;23.81
16980;18.85;30.94;23.81
16985;18.85;30.94;23.81
16991;18.85;30.94;23.81
16997;18.85;30.94;23.81
17003;18.85;30.94;23.81
17009;18.85;30.94;23.87
17015;18.85;30.94;23.81
17020;19.34;30.94;23.87
17026;18.85;30.94;23.81
17032;19.34;30.94;23.81
17038;18.85;30.94;23.87
17044;18.85;30.94;23.87
17049;18.85;30.94;23.87
17055;18.85;30.94;23.87
17061;18.85;30.94;23.87
17067;18.85;30.94;23.87
17073;18.85;30.94;23.87
17079;18.85;30.94;23.87
17084;18.85;30.94;23.87
17090;18.85;30.94;23.87
17096;19.34;31;23.87
17102;18.85;31;23.87
17108;18.85;31;23.87
17114;18.85;30.94;23.87
17119;18.85;30.94;23.87
17125;19.34;31;23.87
17131;18.85;30.94;23.87
17137;18.85;30.94;23.87
17143;18.85;30.94;23.87
17148;18.85;30.94;23.87
17154;18.85;30.94;23.87
17160;18.85;30.94;23.87
17166;18.85;30.94;23.87
17172;18.85;30.94;23.87
17178;18.85;30.94;23.87
17183;18.85;30.94;23.87
17189;18.85;30.94;23.87
17195;18.85;30.94;23.87
17201;18.85;30.94;23.87
17207;19.34;30.94;23.87
17213;19.34;30.94;23.87
17218;18.85;30.94;23.87
17224;18.85;30.94;23.87
17230;18.85;30.94;23.87
17236;18.85;30.94;23.87
17242;18.85;30.94;23.87
17248;18.85;30.94;23.87
17253;18.85;30.94;23.87
17259;18.85;30.94;23.87
17265;19.34;30.94;23.87
17271;18.85;30.94;23.87
17277;18.85;30.94;23.87
17282;18.85;30.94;23.87
17288;18.85;30.94;23.87
17294;18.85;30.94;23.87
17300;18.85;30.94;23.87
17306;18.85;30.94;23.87
17312;18.85;30.94;23.87
17317;18.85;30.94;23.87
17323;18.85;30.94;23.87
17329;18.85;30.94;23.87
17335;19.34;30.94;23.87
17341;18.85;30.94;23.87
17347;19.34;30.94;23.87
17352;19.34;30.87;23.87
17358;18.85;30.87;23.87
17364;18.85;30.87;23.87
17370;19.34;30.87;23.87
17376;18.85;30.87;23.94
17381;19.34;30.87;23.87
17387;19.34;30.87;23.94
17393;18.85;30.94;23.87
17399;18.85;30.94;23.94
17405;18.85;30.87;23.87
17411;18.85;30.87;23.87
17416;18.85;30.87;23.87
17422;19.34;30.87;23.87
17428;18.85;30.87;23.87
17434;18.85;30.87;23.94
17440;18.85;30.87;23.94
17446;18.85;30.87;23.94
17451;18.85;30.87;23.94
17457;18.85;30.87;23.87
17463;19.34;30.87;23.94
17469;19.34;30.87;23.87
17475;18.85;30.87;23.94
17481;18.85;30.87;23.87
17486;19.34;30.87;23.94
17492;18.85;30.87;23.94
17498;18.85;30.87;23.94
17504;18.85;30.87;23.87
17510;18.85;30.87;23.94
17515;18.85;30.87;23.94
17521;18.85;30.87;23.94
17527;18.85;30.94;23.94
17533;19.34;30.94;23.94
17539;18.85;30.94;23.94
17545;18.85;30.87;23.94
17550;18.85;30.94;23.94
17556;18.85;30.94;23.94
17562;18.85;30.94;23.94
17568;18.85;30.94;23.94
17574;18.85;30.94;23.94
17580;18.85;30.94;23.94
17585;19.34;30.94;23.94
17591;19.34;30.94;23.94
17597;18.85;30.94;23.94
17603;18.85;30.87;23.94
17609;18.85;30.87;23.94
17614;18.85;30.87;23.94
17620;18.85;30.87;23.94
17626;18.85;30.87;23.94
17632;18.85;30.87;23.94
17638;18.85;30.87;23.94
17644;19.34;30.87;23.94
17649;18.85;30.87;23.94
17655;18.85;30.87;23.94
17661;19.34;30.87;23.94
17667;18.85;30.81;23.94
17673;18.85;30.81;23.94
17679;18.85;30.81;23.94
17684;18.85;30.75;23.94
17690;19.34;30.75;23.94
17696;19.34;30.75;23.94
17702;18.85;30.75;23.94
17708;18.85;30.75;23.94
17714;19.34;30.75;23.94
17719;18.85;30.75;23.94
17725;18.85;30.75;23.94
17731;19.34;30.75;23.94
17737;18.85;30.75;23.94
17743;18.85;30.75;23.94
17748;18.85;30.75;23.94
17754;18.85;30.75;23.94
17760;18.85;30.75;23.94
17766;18.85;30.75;23.94
17772;19.34;30.75;23.94
17778;18.85;30.75;23.94
17783;18.85;30.81;23.94
17789;18.85;30.81;23.94
17795;18.85;30.81;23.94
17801;19.34;30.81;23.94
17807;18.85;30.81;23.94
17813;19.34;30.81;23.94
17818;18.85;30.81;23.94
17824;18.85;30.81;23.94
17830;18.85;30.81;23.94
17836;18.85;30.81;23.94
17842;18.85;30.81;23.94
17847;19.34;30.81;23.94
17853;18.85;30.81;23.94
17859;18.85;30.81;24
17865;18.85;30.81;23.94
17871;18.85;30.81;24
17877;18.85;30.81;23.94
17882;18.85;30.81;24
17888;19.34;30.81;24
17894;18.85;30.81;23.94
17900;18.85;30.81;24
17906;18.85;30.81;24
17912;18.85;30.81;24
17917;18.85;30.81;24
17923;19.34;30.81;24
17929;18.85;30.81;24
17935;18.85;30.81;24
17941;18.85;30.81;24
17947;18.85;30.81;24
17952;18.85;30.81;24
17958;18.85;30.81;24
17964;18.85;30.81;24
17970;18.36;30.81;24
17976;18.85;30.81;24
17981;19.34;30.81;24
17987;18.85;30.81;24
17993;18.85;30.81;24
17999;18.85;30.81;24
18005;18.85;30.81;24
18011;18.85;30.81;24
18016;18.85;30.81;24
18022;18.85;30.81;24
18028;18.85;30.81;24
18034;18.85;30.81;24
18040;18.85;30.81;24
18046;18.85;30.81;24
18051;18.85;30.87;24
18057;18.85;30.87;24
18063;18.85;30.87;24
18069;18.85;30.87;24
18075;18.85;30.87;24
18080;18.85;30.87;24
18086;18.85;30.87;24
18092;18.85;30.87;24
18098;18.85;30.87;24
18104;18.85;30.87;24
18110;18.85;30.87;24
18115;18.85;30.87;24
18121;18.85;30.87;24
18127;19.34;30.87;24
18133;18.85;30.87;24
18139;18.85;30.87;24
18145;18.85;30.87;24
18150;18.85;30.87;24
18156;19.34;30.87;24
18162;18.85;30.87;24
18168;19.34;30.87;24
18174;18.85;30.87;24
18180;18.85;30.87;24
18185;19.34;30.87;24
18191;19.34;30.87;24
18197;18.85;30.87;24
18203;18.85;30.87;24
18209;18.85;30.87;24
18214;18.85;30.87;24
18220;19.34;30.87;24
18226;18.85;30.87;24
18232;19.34;30.87;24
18238;18.85;30.87;24
18244;18.85;30.87;24
18249;18.85;30.87;24
18255;18.85;30.87;24
18261;18.85;30.87;24
18267;19.34;30.87;24
18273;18.85;30.87;24
18279;18.85;30.87;24
18284;18.85;30.87;24
18290;18.85;30.87;24
18296;18.85;30.87;24
18302;18.85;30.87;24
18308;18.85;30.87;24
18313;18.85;30.87;24
18319;18.85;30.87;24
18325;18.85;30.87;24
18331;19.34;30.87;24
18337;18.85;30.87;24
18343;19.34;30.87;24.06
18348;18.85;30.87;24.06
18354;18.85;30.87;24.06
18360;18.85;30.87;24.06
18366;19.34;30.94;24
18372;19.34;30.94;24.06
18378;18.85;30.94;24.06
18383;18.85;30.94;24
18389;18.85;30.94;24.06
18395;18.85;30.94;24.06
18401;18.85;30.94;24.06
18407;18.85;30.94;24.06
18413;18.85;30.87;24.06
18418;19.34;30.87;24.06
18424;18.85;30.87;24.06
18430;19.34;30.87;24.06
18436;18.85;30.87;24.06
18442;18.85;30.87;24.06
18447;19.34;30.87;24.06
18453;18.85;30.87;24.06
18459;18.85;30.87;24.06
18465;18.85;30.81;24.06
18471;19.34;30.81;24.06
18477;18.85;30.81;24.06
18482;18.85;30.81;24.06
18488;18.85;30.81;24.06
18494;18.85;30.81;24.06
18500;18.85;30.81;24.06
18506;18.85;30.87;24.06
18512;18.85;30.87;24.06
18517;18.85;30.87;24.06
18523;18.85;30.87;24.06
18529;18.85;30.87;24.06
18535;18.85;30.87;24.06
18541;18.85;30.87;24.06
18547;19.34;30.87;24.06
18552;18.85;30.87;24.06
18558;18.85;30.87;24.06
18564;18.85;30.87;24.06
18570;18.85;30.87;24.06
18576;18.85;30.87;24.06
18581;18.85;30.87;24.06
18587;19.34;30.87;24.06
18593;18.85;30.87;24.06
18599;18.85;30.87;24.06
18605;18.85;30.87;24.06
18611;18.85;30.87;24.06
18616;18.85;30.87;24.06
18622;18.85;30.87;24.06
18628;18.85;30.87;24.06
18634;18.85;30.87;24.06
18640;19.34;30.87;24.06
18646;18.85;30.87;24.06
18651;18.85;30.87;24.06
18657;18.85;30.87;24.06
18663;18.85;30.87;24.06
18669;18.85;30.87;24.06
18675;18.85;30.87;24.06
18680;18.85;30.87;24.06
18686;18.85;30.87;24.06
18692;18.85;30.87;24.06
18698;18.85;30.87;24.06
18704;18.85;30.87;24.06
18710;19.34;30.87;24.06
18715;18.85;30.87;24.06
18721;19.34;30.87;24.06
18727;18.85;30.87;24.06
18733;18.85;30.87;24.06
18739;18.85;30.87;24.06
18745;18.85;30.94;24.06
18750;19.34;30.94;24.06
18756;18.85;30.87;24.06
18762;19.34;30.87;24.12
18768;18.85;30.94;24.06
18774;18.85;30.94;24.06
18780;18.85;30.94;24.06
18785;18.85;30.94;24.06
18791;18.85;30.94;24.12
18797;18.85;30.94;24.12
18803;18.85;30.94;24.12
18809;19.34;30.94;24.12
18814;18.85;30.94;24.12
18820;18.85;30.94;24.12
18826;18.85;30.94;24.12
18832;19.34;30.94;24.12
18838;19.34;30.94;24.12
18844;18.85;30.94;24.12
18849;19.34;30.94;24.12
18855;19.34;30.94;24.12
18861;19.34;30.94;24.12
18867;19.34;30.94;24.12
18873;18.85;30.94;24.12
18879;18.85;30.94;24.12
18884;18.85;30.94;24.12
18890;18.85;30.94;24.12
18896;18.85;30.94;24.12
18902;18.85;30.94;24.12
18908;18.85;30.94;24.12
18913;18.85;30.94;24.12
18919;18.36;30.94;24.12
18925;18.85;30.94;24.12
18931;18.85;30.94;24.12
18937;18.85;30.94;24.12
18943;18.85;30.94;24.12
18948;18.85;30.94;24.12
18954;18.85;30.94;24.12
18960;18.85;30.94;24.12
18966;18.85;30.94;24.12
18972;18.85;30.94;24.12
18978;18.85;30.94;24.12
18983;18.85;30.94;24.12
18989;18.85;30.94;24.12
18995;18.85;30.94;24.12
19001;18.85;30.94;24.12
19007;18.85;30.94;24.12
19013;18.85;30.94;24.12
19018;19.34;30.94;24.12
19024;18.85;30.94;24.12
19030;18.85;30.94;24.12
19036;18.85;30.94;24.12
19042;18.85;31;24.12
19047;18.85;31;24.12
19053;19.34;31;24.12
19059;19.34;31;24.12
19065;18.85;31;24.12
19071;18.85;31;24.12
19077;18.85;31;24.12
19082;18.85;31;24.12
19088;18.85;31;24.12
19094;18.85;31;24.12
19100;18.85;31;24.12
19106;18.85;31;24.12
19112;18.85;31.06;24.12
19117;18.85;31.06;24.12
19123;18.85;31.06;24.12
19129;18.85;31.06;24.12
19135;18.85;31.06;24.12
19141;19.34;31.06;24.12
19146;18.85;31.06;24.12
19152;18.85;31.06;24.12
19158;18.85;31.06;24.12
19164;19.34;31.06;24.12
19170;18.85;31.06;24.12
19176;19.34;31.06;24.12
19181;18.85;31.06;24.12
19187;18.85;31.06;24.12
19193;19.34;31.12;24.12
19199;18.85;31.12;24.12
19205;18.85;31.06;24.12
19211;18.85;31.06;24.12
19216;18.85;31.06;24.12
19222;18.85;31.06;24.12
19228;18.85;31.06;24.12
19234;19.34;31.06;24.19
19240;18.85;31.12;24.12
19246;18.85;31.12;24.19
19251;19.34;31.12;24.19
19257;18.85;31.12;24.19
19263;19.34;31.12;24.12
19269;19.34;31.12;24.12
19275;18.85;31.12;24.19
19280;18.85;31.12;24.19
19286;18.85;31.12;24.19
19292;19.34;31.12;24.19
19298;18.85;31.12;24.19
19304;19.34;31.12;24.12
19310;19.34;31.12;24.19
19315;18.85;31.12;24.19
19321;18.85;31.12;24.19
19327;19.34;31.12;24.19
19333;18.85;31.12;24.19
19339;18.85;31.12;24.19
19345;18.85;31.12;24.19
19350;19.34;31.12;24.19
19356;19.34;31.12;24.19
19362;18.85;31.12;24.19
19368;18.85;31.12;24.19
19374;18.85;31.19;24.19
19379;18.85;31.19;24.19
19385;19.34;31.19;24.19
19391;19.34;31.19;24.19
19397;18.85;31.19;24.19
19403;18.85;31.19;24.19
19409;18.85;31.19;24.19
19414;18.85;31.19;24.19
19420;18.85;31.19;24.19
19426;18.85;31.19;24.19
19432;18.85;31.19;24.19
19438;18.85;31.19;24.19
19444;18.85;31.19;24.19
19449;18.85;31.19;24.19
19455;18.85;31.19;24.19
19461;18.85;31.19;24.19
19467;18.85;31.19;24.19
19473;19.34;31.19;24.19
19479;18.85;31.25;24.19
19484;18.85;31.25;24.19
19490;19.34;31.19;24.19
19496;18.85;31.25;24.19
19502;18.85;31.25;24.19
19508;18.85;31.25;24.19
19513;18.85;31.19;24.19
19519;19.34;31.25;24.19
19525;18.85;31.25;24.19
19531;18.85;31.19;24.19
19537;18.85;31.19;24.19
19543;18.85;31.19;24.19
19548;18.85;31.25;24.19
19554;18.85;31.25;24.19
19560;19.34;31.25;24.19
19566;19.34;31.25;24.19
19572;18.85;31.25;24.19
19578;18.85;31.25;24.19
19583;18.85;31.25;24.19
19589;18.85;31.25;24.19
19595;18.85;31.25;24.19
19601;19.34;31.25;24.19
19607;18.85;31.25;24.19
19612;19.34;31.25;24.19
19618;19.34;31.25;24.19
19624;18.85;31.25;24.19
19630;19.34;31.25;24.19
19636;18.85;31.25;24.19
19642;19.34;31.25;24.19
19647;18.85;31.25;24.19
19653;18.85;31.19;24.19
19659;18.85;31.25;24.19
19665;18.85;31.25;24.19
19671;19.34;31.25;24.19
19677;19.34;31.25;24.19
19682;18.85;31.25;24.19
19688;18.85;31.25;24.25
19694;18.85;31.25;24.25
19700;19.34;31.25;24.19
19706;19.34;31.25;24.19
19712;18.85;31.25;24.19
19717;18.85;31.25;24.25
19723;18.85;31.25;24.25
19729;19.34;31.25;24.25
19735;19.34;31.25;24.25
19741;19.34;31.25;24.25
19746;18.85;31.25;24.25
19752;18.85;31.25;24.25
19758;18.85;31.25;24.25
19764;18.85;31.25;24.25
19770;18.85;31.25;24.25
19776;19.34;31.25;24.25
19781;18.85;31.25;24.25
19787;18.85;31.25;24.25
19793;18.85;31.25;24.25
19799;18.85;31.25;24.25
19805;19.34;31.25;24.25
19811;18.85;31.25;24.25
19816;18.85;31.25;24.25
19822;18.85;31.25;24.25
19828;19.34;31.25;24.25
19834;19.34;31.25;24.25
19840;18.85;31.25;24.25
19845;19.34;31.25;24.25
19851;18.85;31.25;24.25
19857;19.34;31.25;24.25
19863;19.34;31.25;24.25
19869;18.85;31.25;24.25
19875;18.85;31.25;24.25
19880;18.85;31.25;24.25
19886;19.34;31.25;24.25
19892;19.34;31.25;24.25
19898;19.34;31.25;24.25
19904;18.85;31.25;24.25
19910;18.85;31.25;24.25
19915;18.85;31.25;24.25
19921;18.85;31.25;24.25
19927;19.34;31.25;24.25
19933;19.34;31.25;24.25
19939;18.85;31.25;24.25
19945;19.34;31.25;24.25
19950;18.85;31.25;24.25
19956;19.34;31.25;24.25
19962;19.34;31.25;24.25
19968;19.34;31.25;24.25
19974;18.85;31.25;24.25
19979;18.85;31.25;24.25
19985;19.34;31.25;24.25
19991;19.34;31.25;24.25
19997;18.85;31.25;24.25
20003;19.34;31.25;24.25
20009;19.34;31.25;24.25
20014;18.85;31.25;24.25
20020;18.85;31.25;24.25
20026;18.85;31.25;24.25
20032;18.85;31.25;24.25
20038;18.85;31.25;24.25
20044;18.85;31.25;24.25
20049;18.85;31.25;24.25
20055;18.85;31.19;24.25
20061;18.85;31.19;24.25
20067;18.85;31.12;24.25
20073;18.85;31.12;24.25
20078;19.34;31.06;24.25
20084;19.34;31.06;24.25
20090;18.85;31;24.25
20096;18.85;30.94;24.25
20102;19.34;30.87;24.25
20108;18.85;30.81;24.25
20113;18.85;30.75;24.25
20119;18.85;30.62;24.25
20125;18.85;30.56;24.25
20131;19.34;30.44;24.25
20137;19.34;30.37;24.31
20143;18.85;30.25;24.25
20148;18.85;30.19;24.25
20154;18.85;30.06;24.25
20160;18.85;29.94;24.25
20166;19.34;29.87;24.25
20172;18.85;29.75;24.31
20178;18.85;29.62;24.31
20183;18.85;29.5;24.25
20189;18.85;29.37;24.25
20195;18.85;29.25;24.31
20201;18.85;29.12;24.31
20207;18.85;29.06;24.31
20212;19.34;28.94;24.25
20218;18.85;28.81;24.31
20224;18.85;28.69;24.31
20230;18.85;28.56;24.31
20236;19.34;28.44;24.31
20242;18.85;28.31;24.31
20247;18.85;28.19;24.31
20253;19.34;28.06;24.31
20259;18.85;28;24.31
20265;18.85;27.87;24.31
20271;18.85;27.75;24.31
20277;19.34;27.62;24.31
20282;18.85;27.5;24.25
20288;18.85;27.44;24.31
20294;18.85;27.31;24.31
20300;19.34;27.25;24.31
20306;18.85;27.12;24.31
20311;18.85;27;24.31
20317;18.85;26.94;24.31
20323;18.85;26.81;24.31
20329;19.34;26.69;24.25
20335;19.34;26.62;24.25
20341;18.85;26.56;24.31
20346;19.34;26.44;24.31
20352;18.85;26.37;24.31
20358;18.85;26.25;24.31
20364;18.85;26.19;24.31
20370;18.85;26.12;24.25
20376;18.85;26.06;24.31
20381;18.85;25.94;24.25
20387;19.34;25.87;24.25
20393;18.85;25.81;24.25
20399;18.85;25.75;24.25
20405;19.34;25.62;24.31
20411;18.85;25.56;24.25
20416;18.85;25.5;24.25
20422;19.34;25.44;24.31
20428;18.85;25.37;24.31
20434;18.85;25.31;24.25
20440;18.85;25.25;24.25
20445;18.85;25.19;24.25
20451;18.85;25.12;24.31
20457;19.34;25.06;24.25
20463;18.85;25;24.31
20469;18.85;24.94;24.25
20475;18.85;24.94;24.25
20480;19.34;24.87;24.31
20486;18.85;24.81;24.25
20492;18.85;24.75;24.31
20498;19.34;24.69;24.25
20504;18.85;24.69;24.25
20510;18.85;24.62;24.31
20515;19.34;24.56;24.25
20521;18.85;24.56;24.25
20527;18.85;24.5;24.25
20533;18.85;24.44;24.25
20539;19.34;24.44;24.25
20544;18.85;24.37;24.25
20550;19.34;24.37;24.25
20556;18.85;24.31;24.25
20562;19.34;24.25;24.25
20568;18.85;24.25;24.25
20574;18.85;24.19;24.25
20579;18.85;24.19;24.25
20585;18.85;24.12;24.25
20591;18.85;24.12;24.25
20597;18.85;24.06;24.25
20603;18.85;24.06;24.25
20609;19.34;24;24.25
20614;18.85;24;24.25
20620;18.85;24;24.25
20626;19.34;23.94;24.25
20632;19.34;23.94;24.25
20638;18.85;23.94;24.25
20644;19.34;23.87;24.25
20649;18.85;23.87;24.25
20655;19.34;23.81;24.25
20661;18.85;23.81;24.25
20667;19.34;23.81;24.25
20673;19.34;23.75;24.25
20678;18.85;23.75;24.25
20684;18.85;23.75;24.25
20690;18.85;23.75;24.25
20696;18.85;23.69;24.25
20702;18.85;23.69;24.25
20708;18.85;23.69;24.25
20713;18.85;23.62;24.25
20719;18.85;23.62;24.25
20725;18.85;23.62;24.25
20731;19.34;23.62;24.25
20737;19.34;23.62;24.25
20743;18.85;23.56;24.25
20748;18.85;23.56;24.25
20754;19.34;23.56;24.25
20760;18.85;23.56;24.25
20766;18.85;23.5;24.25
20772;18.85;23.5;24.25
20778;18.85;23.5;24.25
20783;18.85;23.5;24.25
20789;18.85;23.5;24.25
20795;18.85;23.5;24.25
20801;19.34;23.44;24.25
20807;18.85;23.44;24.25
20812;18.85;23.44;24.25
20818;18.85;23.44;24.25
20824;18.85;23.44;24.25
20830;18.85;23.37;24.25
20836;19.34;23.37;24.25
20842;18.85;23.37;24.25
20847;18.85;23.37;24.25
20853;18.85;23.37;24.25
20859;18.85;23.37;24.25
20865;19.34;23.37;24.25
20871;18.85;23.31;24.25
20877;19.34;23.31;24.25
20882;18.85;23.31;24.25
20888;19.34;23.31;24.25
20894;18.85;23.31;24.25
20900;18.85;23.31;24.25
20906;18.85;23.31;24.25
20911;18.85;23.31;24.25
20917;18.85;23.25;24.25
20923;19.34;23.25;24.25
20929;19.34;23.25;24.25
20935;18.85;23.25;24.25
20941;18.85;23.25;24.25
20946;18.85;23.25;24.25
20952;18.85;23.25;24.25
20958;18.85;23.25;24.25
20964;18.85;23.25;24.25
20970;18.85;23.25;24.25
20976;19.34;23.25;24.25
20981;18.85;23.25;24.25
20987;19.34;23.25;24.25
20993;18.85;23.19;24.25
20999;18.85;23.19;24.25
21005;18.85;23.19;24.25
21011;18.85;23.19;24.25
21016;19.34;23.19;24.25
21022;19.34;23.19;24.25
21028;18.85;23.19;24.25
21034;18.85;23.19;24.25
21040;19.34;23.19;24.25
21045;18.85;23.19;24.25
21051;18.85;23.19;24.25
21057;18.85;23.19;24.25
21063;19.34;23.19;24.25
21069;18.85;23.19;24.25
21075;18.85;23.19;24.25
21080;18.85;23.19;24.25
21086;18.85;23.12;24.25
21092;19.34;23.12;24.25
21098;18.85;23.12;24.19
21104;19.34;23.12;24.19
21110;18.85;23.12;24.25
21115;18.85;23.12;24.25
21121;18.85;23.12;24.25
21127;18.85;23.12;24.25
21133;18.85;23.12;24.19
21139;18.85;23.12;24.25
21144;18.85;23.12;24.19
21150;19.34;23.12;24.19
21156;18.85;23.12;24.19
21162;18.85;23.12;24.25
21168;18.85;23.12;24.19
21174;18.85;23.12;24.19
21179;18.85;23.12;24.25
21185;19.34;23.12;24.19
21191;19.34;23.06;24.19
21197;19.34;23.06;24.25
21203;18.85;23.06;24.25
21209;19.34;23.06;24.19
21214;18.85;23.06;24.19
21220;18.85;23.06;24.19
21226;19.34;23.06;24.19
21232;18.85;23.06;24.19
21238;18.85;23.06;24.19
21244;18.85;23.06;24.19
21249;18.85;23.06;24.19
21255;18.85;23.06;24.19
21261;18.85;23.06;24.19
21267;18.85;23.06;24.19
21273;19.34;23.06;24.19
21278;18.85;23.06;24.19
21284;18.85;23.06;24.19
21290;18.85;23.06;24.19
21296;18.85;23;24.19
21302;18.85;23;24.19
21308;19.34;23;24.19
21313;18.85;23.06;24.19
21319;18.85;23;24.19
21325;19.34;23;24.19
21331;19.34;23;24.19
21337;19.34;23;24.19
21343;19.34;23;24.19
21348;18.85;23;24.19
21354;18.85;23;24.19
21360;18.85;23;24.19
21366;18.85;23;24.19
21372;19.34;23;24.19
21377;19.34;23;24.19
21383;19.34;23;24.19
21389;19.34;23;24.19
21395;18.85;23;24.19
21401;18.85;23;24.19
21407;18.85;23;24.19
21412;18.85;23;24.19
21418;18.85;23;24.19
21424;18.85;23;24.19
21430;18.85;23;24.19
21436;18.85;23;24.19
21442;18.85;23;24.19
21447;19.34;23;24.19
21453;18.85;23;24.19
21459;18.85;23;24.19
21465;18.85;23;24.19
21471;19.34;23;24.19
21477;18.85;23;24.19
21482;18.85;23;24.19
21488;19.34;23;24.19
21494;18.85;23;24.19
21500;18.85;23;24.19
21506;19.34;23;24.19
21511;19.34;23;24.19
21517;18.85;23;24.19
21523;18.85;23;24.19
21529;18.85;23;24.19
21535;19.34;23;24.19
21541;19.34;23;24.19
21546;18.85;23;24.19
21552;18.85;23;24.19
21558;18.85;23;24.19
21564;18.85;23;24.19
21570;18.85;23;24.19
21576;18.85;23;24.19
21581;18.85;23;24.12
21587;18.85;23;24.19
21593;18.85;23;24.19
21599;18.85;23;24.12
21605;19.34;23;24.12
21610;18.85;23;24.19
21616;18.85;23;24.19
21622;19.34;23;24.12
21628;19.34;23;24.12
21634;18.85;23;24.19
21640;19.34;23;24.12
21645;18.85;23;24.12
21651;18.85;23;24.12
21657;18.85;23;24.12
21663;18.85;23;24.12
21669;18.85;23;24.12
21675;18.85;22.94;24.12
21680;18.85;23;24.12
21686;18.85;23;24.12
21692;18.85;23;24.12
21698;18.85;22.94;24.12
21704;19.34;23;24.12
21710;18.85;22.94;24.12
21715;18.85;22.94;24.12
21721;18.85;22.94;24.12
21727;18.85;22.94;24.12
21733;18.85;22.94;24.12
21739;18.85;22.94;24.12
21744;19.34;22.94;24.12
21750;18.85;22.94;24.12
21756;18.85;22.94;24.12
21762;19.34;22.94;24.12
21768;18.85;22.94;24.12
21774;18.85;22.94;24.12
21779;18.85;22.94;24.12
21785;18.85;22.94;24.12
21791;19.34;22.94;24.12
21797;18.85;22.94;24.12
21803;18.85;22.94;24.12
21809;18.85;22.94;24.12
21814;18.85;22.94;24.12
21820;18.85;22.94;24.12
21826;18.85;22.94;24.12
21832;19.34;22.94;24.12
21838;19.34;22.94;24.12
21843;18.85;22.94;24.12
21849;19.34;22.94;24.12
21855;18.85;22.94;24.12
21861;18.85;22.94;24.12
21867;19.34;22.94;24.12
21873;19.34;22.94;24.12
21878;19.34;22.94;24.12
21884;18.85;22.94;24.12
21890;18.85;22.94;24.12
21896;18.85;22.94;24.12
21902;18.85;22.94;24.12
21908;18.85;22.94;24.12
21913;18.85;22.94;24.12
21919;19.34;22.94;24.12
21925;19.34;22.94;24.12
21931;18.85;22.94;24.12
21937;18.85;22.94;24.12
21943;18.85;22.94;24.12
21948;18.85;22.94;24.12
21954;18.85;22.94;24.12
21960;19.34;22.94;24.12
21966;18.85;22.94;24.12
21972;18.85;22.94;24.12
21977;18.85;22.87;24.12
21983;19.34;22.87;24.12
21989;19.34;22.94;24.12
21995;19.34;22.94;24.12
22001;19.34;22.94;24.12
22007;18.85;22.94;24.12
22012;18.85;22.94;24.12
22018;18.85;22.94;24.12
22024;18.85;22.94;24.12
22030;19.34;22.94;24.12
22036;18.85;22.94;24.12
22042;18.85;22.94;24.12
22047;18.85;22.87;24.12
22053;18.85;22.94;24.12
22059;19.34;22.87;24.12
22065;18.85;22.87;24.12
22071;18.85;22.87;24.12
22076;19.34;22.87;24.12
22082;19.34;22.87;24.12
22088;19.34;22.87;24.12
22094;19.34;22.94;24.12
22100;18.85;22.87;24.12
22106;18.85;22.87;24.12
22111;18.85;22.87;24.12
22117;18.85;22.87;24.12
22123;18.85;22.87;24.12
22129;19.34;22.87;24.06
22135;18.85;22.87;24.06
22141;18.85;22.87;24.12
22146;19.34;22.87;24.06
22152;18.85;22.87;24.12
22158;19.34;22.87;24.06
22164;18.85;22.87;24.06
22170;19.34;22.87;24.06
22176;19.34;22.87;24.06
22181;18.85;22.87;24.06
22187;19.34;22.87;24.12
22193;19.34;22.87;24.06
22199;18.85;22.87;24.06
22205;18.85;22.87;24.06
22210;18.85;22.87;24.06
22216;18.85;22.87;24.06
22222;18.85;22.87;24.06
22228;19.34;22.87;24.06
22234;18.85;22.87;24.06
22240;18.85;22.87;24.06
22245;18.85;22.87;24.06
22251;18.85;22.87;24.06
22257;18.85;22.87;24.06
22263;19.34;22.81;24.06
22269;19.34;22.87;24.06
22275;19.34;22.87;24.06
22280;18.85;22.81;24.06
22286;18.85;22.81;24.06
22292;18.85;22.87;24.06
22298;18.85;22.81;24.06
22304;19.34;22.81;24.06
22309;18.85;22.81;24.06
22315;18.85;22.81;24.06
22321;18.85;22.81;24.06
22327;18.85;22.81;24.06
22333;19.34;22.81;24.06
22339;18.85;22.81;24.06
22344;18.36;22.81;24.06
22350;18.85;22.81;24.06
22356;18.85;22.81;24.06
22362;18.85;22.81;24.06
22368;18.85;22.81;24.06
22374;18.85;22.81;24.06
22379;19.34;22.81;24.06
22385;19.34;22.81;24.06
22391;18.85;22.81;24.06
22397;19.34;22.81;24.06
22403;19.34;22.81;24.06
22409;18.85;22.81;24.06
22414;18.85;22.81;24.06
22420;18.36;22.81;24.06
22426;18.85;22.81;24.06
22432;18.85;22.81;24.06
22438;19.34;22.75;24.06
22443;18.85;22.75;24.06
22449;18.85;22.75;24.06
22455;18.85;22.75;24.06
22461;18.85;22.75;24.06
22467;18.85;22.75;24.06
22473;18.85;22.75;24.06
22478;18.85;22.75;24.06
22484;18.85;22.75;24.06
22490;19.34;22.75;24.06
22496;18.85;22.75;24.06
22502;18.85;22.75;24.06
22508;18.85;22.75;24.06
22513;18.85;22.75;24.06
22519;19.34;22.75;24.06
22525;18.85;22.75;24.06
22531;18.85;22.75;24.06
22537;18.85;22.75;24.06
22542;18.85;22.75;24.06
22548;18.85;22.75;24.06
22554;18.85;22.75;24.06
22560;18.85;22.75;24.06
22566;18.85;22.75;24.06
22572;18.85;22.75;24.06
22577;18.85;22.75;24.06
22583;18.85;22.75;24.06
22589;18.85;22.75;24.06
22595;19.34;22.75;24.06
22601;18.85;22.75;24.06
22607;18.85;22.75;24.06
22612;18.85;22.75;24.06
22618;18.85;22.75;24.06
22624;18.85;22.75;24.06
22630;18.85;22.75;24.06
22636;18.85;22.75;24.06
22642;19.34;22.75;24.06
22647;18.85;22.75;24
22653;18.85;22.75;24.06
22659;18.85;22.75;24
22665;18.85;22.75;24.06
22671;18.85;22.75;24
22676;18.85;22.75;24
22682;18.85;22.75;24
22688;19.34;22.75;24
22694;18.85;22.75;24
22700;18.85;22.75;24
22706;18.85;22.75;24
22711;19.34;22.75;24
22717;18.85;22.75;24
22723;18.85;22.75;24
22729;19.34;22.75;24
22735;18.85;22.75;24
22741;18.85;22.75;24
22746;18.85;22.75;24
22752;18.85;22.75;24
22758;18.85;22.75;24
22764;18.85;22.75;24
22770;18.85;22.75;24
22775;18.85;22.75;24
22781;18.85;22.75;24
22787;19.34;22.75;24
22793;18.85;22.75;24
22799;18.85;22.75;24
22805;19.34;22.75;24
22810;18.85;22.75;24
22816;18.85;22.75;24
22822;18.85;22.75;24
22828;19.34;22.75;24
22834;18.85;22.75;24
22840;18.85;22.75;24
22845;18.85;22.75;24
22851;19.34;22.75;24
22857;18.85;22.75;24
22863;18.85;22.75;24
22869;18.85;22.75;24
22875;18.85;22.75;24
22880;18.85;22.75;24
22886;18.85;22.75;24
22892;18.85;22.75;24
22898;19.34;22.75;24
22904;19.34;22.75;24
22909;18.85;22.75;24
22915;18.85;22.75;24
22921;18.85;22.75;24
22927;18.85;22.75;24
22933;18.85;22.75;24
22939;18.85;22.75;24
22944;18.85;22.75;24
22950;19.34;22.75;24
22956;18.85;22.75;24
22962;18.85;22.75;24
22968;18.85;22.75;24
22974;18.85;22.75;24
22979;18.85;22.75;24
22985;18.85;22.75;24
22991;19.34;22.75;24
22997;18.85;22.75;24
23003;18.85;22.75;24
23009;18.85;22.75;24
23014;19.34;22.75;24
23020;18.85;22.75;24
23026;18.85;22.75;24
